distance_miles,weight_kg,carrier,weather,congestion,delayed
7370,21627.28270462209,Swift Ocean Carriers,Clear,High,1
7703,18171.366260931132,Global Maritime Trust,Clear,High,0
960,24890.56542036781,Global Maritime Trust,Rain,Low,0
5490,28792.70643963882,Pacific Cargo Group,Rain,Medium,0
5326,10604.46558676703,Pacific Cargo Group,Rain,Low,0
5291,7206.853999384617,Global Maritime Trust,Clear,Low,0
3872,12996.107441404245,Swift Ocean Carriers,Clear,Medium,1
3192,8993.92368603392,Swift Ocean Carriers,Rain,Low,0
5834,18641.032763003306,Swift Ocean Carriers,Rain,High,1
6365,27399.646060867457,Swift Ocean Carriers,Snow,Low,0
566,4603.927727220325,Swift Ocean Carriers,Snow,High,1
5434,3473.4407889686518,Pacific Cargo Group,Snow,Low,0
4526,8052.458189683035,Global Maritime Trust,Clear,Low,0
5678,21919.81978884082,Pacific Cargo Group,Clear,Low,1
6331,17992.405705135236,Swift Ocean Carriers,Rain,Low,0
3544,3515.2735946433877,Swift Ocean Carriers,Clear,Low,0
3271,27603.140406692022,Swift Ocean Carriers,Clear,Low,0
3019,23807.496795160558,Swift Ocean Carriers,Snow,Medium,0
7931,1179.1668412353065,Global Maritime Trust,Snow,Low,0
230,19715.33272415326,Swift Ocean Carriers,Clear,Medium,0
1785,23251.77672133227,Global Maritime Trust,Clear,Low,0
7576,11545.84340675245,Swift Ocean Carriers,Clear,High,1
869,2533.185411332954,Global Maritime Trust,Snow,High,0
2491,2780.971431919224,Pacific Cargo Group,Storm,Medium,0
5711,3575.2854985283802,Swift Ocean Carriers,Clear,Low,0
7681,25292.969143422477,Global Maritime Trust,Clear,Low,0
7049,27365.242848543534,Pacific Cargo Group,Snow,High,1
2533,4122.918064449147,Swift Ocean Carriers,Clear,Low,0
5411,7459.228020554895,Swift Ocean Carriers,Rain,Low,0
5151,5382.855055835048,Swift Ocean Carriers,Storm,Low,0
6520,5996.46594507656,Global Maritime Trust,Clear,Low,1
1284,25205.978275573518,Global Maritime Trust,Rain,Low,0
4655,10298.319173320699,Pacific Cargo Group,Clear,Medium,0
3485,9687.605789346415,Global Maritime Trust,Clear,Low,0
4217,7208.170815874822,Global Maritime Trust,Snow,Medium,0
6496,18432.88461693063,Swift Ocean Carriers,Clear,Low,0
4943,11689.518102373691,Swift Ocean Carriers,Storm,Low,0
3004,22455.36472937702,Swift Ocean Carriers,Rain,High,0
7828,6564.6043470813065,Swift Ocean Carriers,Clear,Low,0
574,23739.801717077527,Swift Ocean Carriers,Clear,High,0
1182,18309.7851860391,Swift Ocean Carriers,Clear,Medium,0
2658,3870.8853516427885,Swift Ocean Carriers,Clear,Low,0
7949,12727.885234007017,Pacific Cargo Group,Clear,High,1
2147,25973.785148082232,Pacific Cargo Group,Clear,Low,0
7743,27727.3268380553,Pacific Cargo Group,Clear,High,0
2847,14238.15360840499,Pacific Cargo Group,Rain,Low,0
1075,14684.69085362767,Swift Ocean Carriers,Rain,High,0
1906,27594.414385709384,Pacific Cargo Group,Rain,Low,0
289,17818.512612028735,Swift Ocean Carriers,Clear,Medium,0
7201,1468.9767721814312,Pacific Cargo Group,Clear,Medium,0
2834,27426.1091549343,Global Maritime Trust,Rain,High,1
3105,7822.680061335981,Pacific Cargo Group,Clear,High,1
4758,17540.142645700642,Pacific Cargo Group,Clear,High,0
1999,5382.642864125228,Swift Ocean Carriers,Snow,High,0
7834,1499.435227274552,Pacific Cargo Group,Rain,Low,0
1367,9688.458548416344,Global Maritime Trust,Rain,Low,0
7075,23524.623372609585,Swift Ocean Carriers,Clear,Low,0
1628,8688.821592567834,Swift Ocean Carriers,Rain,Low,0
3302,6992.867815392363,Pacific Cargo Group,Rain,Low,0
3656,6774.083138066176,Swift Ocean Carriers,Rain,Medium,0
3990,15697.623631000972,Swift Ocean Carriers,Rain,Low,0
746,29278.46881264131,Swift Ocean Carriers,Snow,Medium,1
6264,14040.175146501884,Swift Ocean Carriers,Rain,Low,0
2988,16940.508382256412,Swift Ocean Carriers,Clear,Low,0
6410,25888.64452777665,Swift Ocean Carriers,Rain,Medium,0
5493,16284.55670854293,Global Maritime Trust,Rain,Medium,0
2535,5941.654706856255,Pacific Cargo Group,Rain,Medium,1
700,9338.079397111072,Global Maritime Trust,Clear,Medium,0
2463,9643.139324924023,Swift Ocean Carriers,Clear,Low,0
2161,12220.884405999137,Swift Ocean Carriers,Snow,Medium,0
341,13090.272707434107,Pacific Cargo Group,Rain,Low,0
2141,24093.56965119095,Global Maritime Trust,Storm,Low,0
2924,10806.916471955325,Pacific Cargo Group,Rain,Medium,0
7613,14312.83893902069,Global Maritime Trust,Rain,Low,0
2712,18936.791618006042,Swift Ocean Carriers,Rain,Low,0
7141,11642.915449484994,Pacific Cargo Group,Snow,High,1
1463,25178.66199212382,Pacific Cargo Group,Rain,High,1
6335,17829.881324905193,Swift Ocean Carriers,Rain,Low,0
5586,9174.31803701866,Pacific Cargo Group,Clear,Low,1
7199,21564.746393799935,Global Maritime Trust,Clear,Low,0
1578,16065.608039271183,Global Maritime Trust,Rain,Low,0
7695,16266.448792088784,Global Maritime Trust,Clear,High,1
2656,14692.094477433786,Global Maritime Trust,Clear,Low,1
875,15161.852490226845,Swift Ocean Carriers,Clear,Medium,0
4114,23078.0102914541,Pacific Cargo Group,Clear,Low,0
134,3537.9536402738077,Global Maritime Trust,Clear,High,0
6449,10363.702933659224,Swift Ocean Carriers,Clear,Low,0
3252,2727.349232214732,Pacific Cargo Group,Storm,Medium,1
2055,22720.7635120498,Pacific Cargo Group,Rain,Low,0
1685,8532.904714248834,Swift Ocean Carriers,Clear,Medium,1
4043,26974.197089657086,Swift Ocean Carriers,Clear,Low,0
7655,16034.064766449166,Global Maritime Trust,Rain,Low,0
3173,24122.11825884057,Pacific Cargo Group,Clear,High,0
1121,29378.477350670855,Pacific Cargo Group,Snow,High,1
3561,25273.77135396883,Swift Ocean Carriers,Rain,High,1
2713,26076.315920339945,Pacific Cargo Group,Rain,Medium,0
5325,12535.542613262918,Global Maritime Trust,Clear,High,1
3943,16775.816560150524,Pacific Cargo Group,Rain,Low,0
1600,7989.712639277476,Swift Ocean Carriers,Clear,Low,0
4898,6285.336440956858,Swift Ocean Carriers,Storm,Low,0
6645,15412.482433627996,Global Maritime Trust,Rain,Medium,1
6973,18053.944901162406,Global Maritime Trust,Clear,Low,0
5775,10508.501753937633,Pacific Cargo Group,Clear,Low,0
261,17298.58377402326,Pacific Cargo Group,Clear,Medium,0
4397,26680.084234148337,Swift Ocean Carriers,Rain,High,1
2081,16923.2867511093,Global Maritime Trust,Clear,Low,0
1095,21763.986341159944,Global Maritime Trust,Rain,Low,0
6513,24256.7915370582,Global Maritime Trust,Clear,Low,1
5011,29667.499067685563,Pacific Cargo Group,Rain,Low,1
3442,18294.323364220898,Global Maritime Trust,Snow,Low,0
4651,24302.079394396285,Swift Ocean Carriers,Rain,Medium,0
7729,28898.154897368804,Swift Ocean Carriers,Rain,Medium,1
3898,28360.086904529566,Pacific Cargo Group,Clear,Medium,1
1375,4661.91453894255,Pacific Cargo Group,Clear,Low,1
1116,12488.573094068899,Global Maritime Trust,Rain,High,1
7969,10057.70680265059,Pacific Cargo Group,Clear,Low,0
6539,3064.287941035305,Swift Ocean Carriers,Clear,Medium,0
7992,19180.602859873336,Global Maritime Trust,Clear,High,1
6963,22209.18608928207,Swift Ocean Carriers,Clear,Low,0
437,25519.778816273065,Global Maritime Trust,Clear,Low,0
978,4121.918245049901,Pacific Cargo Group,Snow,High,1
1176,26355.100238321167,Global Maritime Trust,Clear,Low,0
4987,19466.30412662047,Global Maritime Trust,Rain,Medium,1
4093,21266.41098658603,Swift Ocean Carriers,Clear,Low,0
6460,27363.408104438964,Swift Ocean Carriers,Rain,Medium,0
4959,18930.457495775907,Global Maritime Trust,Clear,Low,0
6431,10408.042785920135,Pacific Cargo Group,Snow,Low,0
479,24840.666276968463,Pacific Cargo Group,Snow,Medium,0
592,11210.24675975517,Swift Ocean Carriers,Clear,Low,0
7308,1509.7292692056092,Pacific Cargo Group,Storm,Low,0
5376,25004.307943674867,Swift Ocean Carriers,Storm,Low,1
2162,10683.16827399763,Pacific Cargo Group,Snow,Low,0
3984,23328.118434439537,Global Maritime Trust,Snow,Low,0
164,11201.35789264539,Swift Ocean Carriers,Clear,Low,0
2668,25901.506589254288,Swift Ocean Carriers,Rain,High,1
5563,6975.560489888281,Global Maritime Trust,Clear,Low,0
5348,29249.14432336666,Swift Ocean Carriers,Clear,Medium,1
2127,23502.88385624691,Pacific Cargo Group,Storm,Low,0
2795,3870.0188146517066,Pacific Cargo Group,Clear,Low,0
1595,17190.410289013533,Swift Ocean Carriers,Rain,High,0
7330,29568.335711131174,Pacific Cargo Group,Snow,Low,1
5358,14396.430854467524,Swift Ocean Carriers,Snow,High,0
5718,5872.160595236705,Global Maritime Trust,Storm,Low,1
6836,14800.961830935212,Swift Ocean Carriers,Clear,Medium,0
491,15617.500848516687,Global Maritime Trust,Clear,Medium,1
5894,22379.764854745634,Pacific Cargo Group,Clear,High,1
4614,21115.95266824668,Global Maritime Trust,Clear,Medium,0
6532,12375.226286110927,Pacific Cargo Group,Clear,Medium,1
4574,6931.681671075551,Swift Ocean Carriers,Clear,Low,0
5992,19529.09794919522,Pacific Cargo Group,Rain,Low,0
3661,12940.266069321813,Swift Ocean Carriers,Rain,High,0
2378,4402.148228197247,Swift Ocean Carriers,Clear,Low,0
7261,27066.882886473377,Global Maritime Trust,Rain,Low,1
6284,20891.044799484804,Global Maritime Trust,Clear,Medium,1
3199,20653.923765141702,Global Maritime Trust,Clear,Low,0
6378,24766.22433939438,Global Maritime Trust,Rain,High,0
300,16125.019520324891,Pacific Cargo Group,Rain,Medium,0
6059,24544.105637872486,Pacific Cargo Group,Rain,Medium,0
4975,15193.677228574668,Pacific Cargo Group,Clear,High,0
7173,2481.6742975134475,Swift Ocean Carriers,Snow,Low,0
3204,12454.818596816818,Pacific Cargo Group,Rain,Low,0
7315,15175.214372406772,Pacific Cargo Group,Rain,Medium,1
4698,21745.976158152727,Pacific Cargo Group,Rain,Low,0
2554,3644.0725387958937,Global Maritime Trust,Snow,Medium,0
3745,4630.546890483245,Pacific Cargo Group,Rain,High,1
5947,8278.672177721186,Swift Ocean Carriers,Rain,Medium,1
904,8361.702604441025,Global Maritime Trust,Storm,Low,1
6342,22099.44506454234,Swift Ocean Carriers,Rain,High,0
2831,7896.554486567134,Pacific Cargo Group,Clear,Medium,0
6091,19176.392869044703,Global Maritime Trust,Rain,Medium,1
2873,15081.078579079007,Swift Ocean Carriers,Clear,Low,0
1670,17412.18415629232,Pacific Cargo Group,Clear,High,0
5156,25224.155413759727,Swift Ocean Carriers,Rain,Medium,0
6856,12429.254295696217,Swift Ocean Carriers,Storm,Medium,1
5681,23241.885623395978,Swift Ocean Carriers,Storm,High,1
2790,12950.063756745276,Pacific Cargo Group,Clear,Low,0
3940,10939.205608556858,Pacific Cargo Group,Rain,Medium,0
1128,28779.501730740005,Swift Ocean Carriers,Clear,High,1
7485,5938.9421600294145,Global Maritime Trust,Storm,Low,1
602,3164.940337039432,Global Maritime Trust,Storm,Medium,1
7010,23244.084803296617,Pacific Cargo Group,Rain,High,1
4593,2513.366307945702,Pacific Cargo Group,Snow,Medium,1
970,25193.830225739366,Pacific Cargo Group,Rain,Medium,0
7038,13397.205192538684,Pacific Cargo Group,Rain,High,1
4588,27507.653480111465,Pacific Cargo Group,Clear,High,0
306,21785.219403096216,Global Maritime Trust,Clear,Low,0
5234,18506.93767673475,Pacific Cargo Group,Rain,Low,1
6077,28504.550513204085,Swift Ocean Carriers,Rain,Medium,0
7821,12201.1565050356,Swift Ocean Carriers,Clear,Medium,0
7135,28645.564627919175,Global Maritime Trust,Storm,Medium,0
1584,4482.537683925604,Swift Ocean Carriers,Clear,Medium,0
7958,14770.770787006177,Global Maritime Trust,Rain,Low,0
7842,8462.381060569749,Global Maritime Trust,Rain,Medium,0
963,16425.361977791705,Swift Ocean Carriers,Rain,Low,0
2890,5279.409397801746,Pacific Cargo Group,Rain,Medium,0
7508,25325.12497914628,Swift Ocean Carriers,Clear,Medium,0
663,25469.031554779438,Swift Ocean Carriers,Clear,Low,0
5216,28679.47122534263,Global Maritime Trust,Rain,Low,1
4291,5062.828156055469,Swift Ocean Carriers,Rain,Medium,0
6119,18888.310251697225,Global Maritime Trust,Clear,Medium,1
1857,14490.000606660904,Pacific Cargo Group,Rain,Low,0
6728,10659.32009530488,Pacific Cargo Group,Clear,High,1
7674,10870.434753459454,Pacific Cargo Group,Rain,Medium,0
6474,12677.409742899192,Swift Ocean Carriers,Snow,High,1
6992,21295.303715824113,Global Maritime Trust,Clear,Medium,1
1778,18149.438718910562,Pacific Cargo Group,Clear,Medium,0
3342,14060.604626453369,Global Maritime Trust,Rain,High,1
4736,2740.035605903852,Global Maritime Trust,Rain,Medium,0
1159,2794.0776503292336,Pacific Cargo Group,Rain,Medium,1
6768,569.0120234604586,Pacific Cargo Group,Snow,Low,0
5379,29047.13195210905,Global Maritime Trust,Snow,Medium,1
1822,654.987647472355,Pacific Cargo Group,Storm,Low,1
3414,3541.265507405474,Global Maritime Trust,Rain,Low,0
3257,9780.59842587762,Global Maritime Trust,Clear,Low,0
6015,24319.192428594455,Pacific Cargo Group,Clear,Low,0
2725,28881.914180041473,Swift Ocean Carriers,Clear,High,0
2829,23805.399984359756,Pacific Cargo Group,Rain,Low,0
6800,20871.526857146397,Swift Ocean Carriers,Clear,Medium,0
1697,15878.369688700297,Global Maritime Trust,Storm,High,1
3160,3057.8037499344164,Global Maritime Trust,Rain,Medium,0
2793,28766.038393615945,Swift Ocean Carriers,Rain,Low,0
4991,22872.5762113976,Global Maritime Trust,Clear,Medium,1
5247,19349.006867360724,Swift Ocean Carriers,Clear,Medium,0
5839,22891.557443396072,Swift Ocean Carriers,Clear,Medium,0
3727,21861.048213557588,Global Maritime Trust,Clear,Medium,0
1463,19298.331603789862,Swift Ocean Carriers,Clear,High,0
2081,29427.01560530965,Pacific Cargo Group,Rain,Medium,0
5550,27149.232472762735,Pacific Cargo Group,Snow,Low,0
1763,19576.61511395632,Global Maritime Trust,Snow,Medium,0
1629,20948.66873797928,Global Maritime Trust,Rain,Low,1
2138,2022.076296431945,Swift Ocean Carriers,Clear,High,0
7615,20262.565204226157,Swift Ocean Carriers,Snow,Low,0
5692,1802.8804124479552,Swift Ocean Carriers,Snow,Low,0
3402,17853.780830612966,Swift Ocean Carriers,Clear,High,0
2337,29980.92823719213,Pacific Cargo Group,Rain,Medium,1
7492,16896.2941523968,Pacific Cargo Group,Clear,Low,0
5604,14459.698483399336,Global Maritime Trust,Snow,Medium,0
5596,9729.218266914831,Swift Ocean Carriers,Storm,High,1
1406,4055.416074200701,Swift Ocean Carriers,Clear,Low,0
4129,22065.19830801931,Global Maritime Trust,Snow,High,0
6876,6181.6713196760975,Swift Ocean Carriers,Rain,Low,1
2775,3900.819626794889,Swift Ocean Carriers,Storm,Medium,0
5168,12941.99846205012,Swift Ocean Carriers,Clear,High,1
5964,23962.584219793374,Swift Ocean Carriers,Snow,Low,1
1382,22479.404169546502,Swift Ocean Carriers,Clear,Medium,0
7626,2119.03713207101,Global Maritime Trust,Clear,Low,0
809,13926.738708566605,Swift Ocean Carriers,Clear,Medium,0
5675,15911.819994099484,Global Maritime Trust,Storm,Medium,0
5630,19514.126193461754,Swift Ocean Carriers,Snow,Medium,1
4844,19679.93683807523,Pacific Cargo Group,Snow,Low,0
4513,11258.568858990522,Pacific Cargo Group,Storm,Low,0
3848,17039.977223103662,Pacific Cargo Group,Clear,Low,0
7492,14691.32557340055,Pacific Cargo Group,Clear,Low,0
5453,26607.45151743679,Global Maritime Trust,Clear,Medium,1
4879,16142.821412729554,Global Maritime Trust,Clear,High,0
763,13510.448771570767,Swift Ocean Carriers,Clear,Medium,0
2098,12432.320765614597,Pacific Cargo Group,Clear,Medium,0
3545,17386.61890328724,Global Maritime Trust,Clear,High,1
3843,24217.32089232648,Swift Ocean Carriers,Clear,Medium,0
5827,16382.843966233233,Swift Ocean Carriers,Clear,High,0
1595,20018.827664875975,Global Maritime Trust,Clear,Medium,1
3404,22266.745123742487,Pacific Cargo Group,Storm,Low,0
3863,15844.95924142259,Swift Ocean Carriers,Rain,Low,0
5332,13091.103171318498,Pacific Cargo Group,Storm,Medium,1
1953,26361.62864694226,Pacific Cargo Group,Clear,Low,0
5716,12816.429478822818,Pacific Cargo Group,Clear,Low,0
6685,14127.314091979833,Swift Ocean Carriers,Rain,Medium,1
4759,29715.068743582426,Pacific Cargo Group,Clear,Medium,1
1391,507.0069454885951,Swift Ocean Carriers,Clear,Medium,0
3681,5971.450832513313,Pacific Cargo Group,Clear,Low,0
3557,11826.934752631909,Swift Ocean Carriers,Clear,Low,0
7654,28011.40232804496,Pacific Cargo Group,Clear,Medium,1
7380,2565.8763195503952,Global Maritime Trust,Clear,High,0
1736,779.8202920406932,Pacific Cargo Group,Rain,Medium,0
3796,2054.1731613282436,Pacific Cargo Group,Clear,High,1
3099,3112.030613101735,Swift Ocean Carriers,Clear,Medium,0
3252,1609.1048095846957,Swift Ocean Carriers,Snow,Medium,0
798,14653.549142266891,Pacific Cargo Group,Clear,Low,1
2260,17632.337613206168,Global Maritime Trust,Clear,Medium,0
4197,8514.76564653562,Global Maritime Trust,Snow,Medium,0
4837,12249.47782728125,Swift Ocean Carriers,Clear,Medium,0
6463,3205.130385787189,Global Maritime Trust,Clear,Medium,0
5785,10422.928682938451,Pacific Cargo Group,Clear,Medium,0
954,15914.316153218431,Swift Ocean Carriers,Clear,Low,0
5955,22102.01831194703,Pacific Cargo Group,Rain,Medium,0
7492,598.7176802678871,Swift Ocean Carriers,Snow,Low,0
6628,14285.66761286075,Swift Ocean Carriers,Clear,High,1
3574,9261.584855419025,Swift Ocean Carriers,Rain,Low,0
5857,25658.24373991109,Swift Ocean Carriers,Rain,Low,0
5349,21608.822799410136,Global Maritime Trust,Clear,Medium,1
5272,17878.701766891398,Pacific Cargo Group,Rain,Medium,1
1807,8679.33654805482,Pacific Cargo Group,Clear,Medium,0
2877,27355.00351069726,Pacific Cargo Group,Clear,Low,0
5891,1830.469977999534,Swift Ocean Carriers,Clear,Medium,1
1833,3729.294161033897,Global Maritime Trust,Clear,Low,1
5635,12053.089145940503,Pacific Cargo Group,Clear,High,1
6490,4170.907940257262,Global Maritime Trust,Snow,High,1
5031,28714.263078003038,Swift Ocean Carriers,Clear,Medium,0
3610,24040.68500322981,Pacific Cargo Group,Clear,Low,0
302,8139.988222253503,Global Maritime Trust,Clear,Medium,0
3355,17862.34975471074,Swift Ocean Carriers,Rain,Low,0
4318,29478.75019486241,Global Maritime Trust,Rain,Medium,0
4596,26583.869854879336,Pacific Cargo Group,Rain,Low,0
866,18223.55417004484,Pacific Cargo Group,Rain,High,0
4489,27159.85703167048,Swift Ocean Carriers,Snow,Low,0
2427,29680.95483949409,Swift Ocean Carriers,Clear,Medium,0
3031,22428.90827536191,Swift Ocean Carriers,Rain,Medium,0
7877,2417.0990797453737,Global Maritime Trust,Snow,Medium,0
297,12346.61697455188,Global Maritime Trust,Storm,Low,1
7225,25215.85919085574,Global Maritime Trust,Snow,High,1
2030,7301.791276248061,Swift Ocean Carriers,Clear,Medium,0
3682,25003.954273643427,Pacific Cargo Group,Clear,Medium,1
6995,4049.9934800323804,Pacific Cargo Group,Clear,Low,0
6387,1884.8880358604836,Global Maritime Trust,Rain,Medium,0
708,11830.673038991863,Global Maritime Trust,Clear,Medium,0
3372,1583.592154085102,Pacific Cargo Group,Clear,Low,0
1247,28739.472758008105,Pacific Cargo Group,Snow,Low,0
4382,24873.06802592199,Global Maritime Trust,Clear,High,1
3497,24122.705770331315,Global Maritime Trust,Snow,Low,0
2611,19078.448728386516,Pacific Cargo Group,Clear,Low,0
7616,6881.558679578328,Swift Ocean Carriers,Clear,Medium,0
1894,15788.680816953569,Global Maritime Trust,Clear,Medium,0
759,18119.58513669506,Pacific Cargo Group,Rain,Low,0
2911,15988.429275377912,Pacific Cargo Group,Clear,Medium,0
7198,8176.884354570056,Pacific Cargo Group,Clear,Low,0
6151,15699.813767284413,Pacific Cargo Group,Storm,Low,1
6646,14989.997055624484,Swift Ocean Carriers,Clear,Low,0
1469,29891.905386298367,Pacific Cargo Group,Rain,High,0
2086,26974.366367363014,Global Maritime Trust,Rain,Low,1
5730,14169.732072360788,Swift Ocean Carriers,Clear,Low,0
246,18876.652796586,Pacific Cargo Group,Rain,Medium,0
3319,22562.21232072074,Swift Ocean Carriers,Clear,High,0
3011,1528.5222268978348,Global Maritime Trust,Rain,Low,0
1834,26900.182516221277,Pacific Cargo Group,Clear,Medium,1
1943,25873.74108432875,Global Maritime Trust,Rain,Low,0
588,13994.246884324366,Pacific Cargo Group,Clear,Medium,0
3076,12039.508099371204,Pacific Cargo Group,Rain,Medium,0
2059,8552.30155826129,Pacific Cargo Group,Clear,Medium,0
5859,14561.966435745868,Pacific Cargo Group,Clear,Low,1
6794,1809.1115742304848,Pacific Cargo Group,Clear,Low,0
2485,25639.70923373673,Swift Ocean Carriers,Clear,Low,0
3019,1544.9598683470795,Pacific Cargo Group,Snow,Low,0
4836,10207.015278411194,Pacific Cargo Group,Clear,Low,0
1902,27981.889905410204,Swift Ocean Carriers,Storm,Medium,0
6716,22188.773308441858,Swift Ocean Carriers,Storm,High,1
6165,8801.033337037039,Swift Ocean Carriers,Rain,High,0
6394,7953.14827184611,Swift Ocean Carriers,Clear,High,1
5634,649.923124631766,Swift Ocean Carriers,Clear,Medium,0
4161,21023.57163906763,Swift Ocean Carriers,Rain,Medium,0
3469,1939.1156593586063,Pacific Cargo Group,Clear,Low,0
5830,16211.77432232248,Pacific Cargo Group,Clear,Medium,1
362,28882.59819146547,Global Maritime Trust,Rain,Medium,0
5983,3729.33137160639,Pacific Cargo Group,Snow,Medium,0
6387,26887.15796355799,Pacific Cargo Group,Rain,Medium,0
6589,29748.52238677892,Swift Ocean Carriers,Clear,Low,0
723,2314.752274057434,Swift Ocean Carriers,Rain,Low,0
1116,26545.734939555106,Pacific Cargo Group,Clear,High,0
3743,15724.331103086692,Global Maritime Trust,Clear,Low,0
5076,27242.154723615113,Swift Ocean Carriers,Snow,Medium,0
2149,17353.908786627435,Pacific Cargo Group,Clear,High,1
7140,20032.304298143656,Pacific Cargo Group,Clear,Medium,0
5523,16541.477785923278,Global Maritime Trust,Clear,Medium,1
6497,26002.53996906678,Global Maritime Trust,Snow,Low,0
3823,22150.3426091342,Swift Ocean Carriers,Rain,Low,0
4648,15877.17920932224,Global Maritime Trust,Rain,High,1
3208,26110.743719520633,Pacific Cargo Group,Rain,Medium,0
5379,7735.92320153237,Pacific Cargo Group,Clear,Medium,0
4190,5141.549461224517,Global Maritime Trust,Clear,Low,0
7258,5231.803107237127,Global Maritime Trust,Clear,Low,0
2156,10353.261922984517,Global Maritime Trust,Clear,High,1
7500,7541.355923380017,Global Maritime Trust,Clear,Low,0
3270,27937.66534003729,Swift Ocean Carriers,Storm,Medium,0
1782,3622.105767943228,Global Maritime Trust,Clear,Low,0
7059,21120.226772167836,Swift Ocean Carriers,Clear,Medium,0
2355,6082.035423657674,Pacific Cargo Group,Clear,High,0
1254,26508.29541672533,Global Maritime Trust,Clear,Medium,0
4599,28858.80100145477,Swift Ocean Carriers,Storm,Low,1
6395,14231.365258714515,Global Maritime Trust,Clear,Medium,0
6297,26432.608666729884,Pacific Cargo Group,Clear,Medium,1
3291,651.7825372640857,Pacific Cargo Group,Rain,Medium,0
1796,24688.434063538953,Pacific Cargo Group,Clear,High,0
4091,7244.442264985244,Global Maritime Trust,Clear,Medium,1
4823,27306.688623446353,Global Maritime Trust,Clear,High,1
4782,533.0432886632299,Swift Ocean Carriers,Rain,Medium,0
1748,16907.36118367283,Pacific Cargo Group,Storm,Low,1
5639,22820.75621165557,Global Maritime Trust,Rain,Low,0
1545,8131.305755588285,Pacific Cargo Group,Clear,Low,0
4299,6197.419505325145,Pacific Cargo Group,Snow,High,0
4023,2980.8976218055473,Swift Ocean Carriers,Clear,Medium,0
353,10129.790506847143,Swift Ocean Carriers,Clear,Medium,0
7494,17015.40721311047,Swift Ocean Carriers,Clear,Low,0
3283,3917.393775017601,Swift Ocean Carriers,Clear,Low,0
2657,11612.513178610563,Pacific Cargo Group,Rain,Medium,0
5692,767.6359372553864,Swift Ocean Carriers,Rain,Medium,0
198,24651.042904745333,Swift Ocean Carriers,Storm,Low,0
2300,4289.237183749145,Swift Ocean Carriers,Rain,Medium,0
6080,8858.616973834656,Swift Ocean Carriers,Rain,Low,0
3061,1043.6177027774154,Pacific Cargo Group,Clear,Low,0
6115,13251.103124829113,Swift Ocean Carriers,Clear,Medium,1
5073,25283.584330865953,Pacific Cargo Group,Rain,Low,1
4533,12068.4607376333,Global Maritime Trust,Clear,High,1
3877,5795.1710410030855,Pacific Cargo Group,Snow,Low,0
2969,22734.115604490315,Pacific Cargo Group,Clear,Low,0
3334,23769.805965186955,Swift Ocean Carriers,Clear,Low,0
3891,5625.727521573221,Global Maritime Trust,Clear,Medium,0
1056,23240.1962019592,Global Maritime Trust,Clear,Medium,0
5900,28445.28770356197,Global Maritime Trust,Clear,Medium,1
4167,5408.138814502034,Global Maritime Trust,Rain,Low,0
260,23244.036629698,Pacific Cargo Group,Clear,Low,0
5799,21402.874135777565,Global Maritime Trust,Rain,Medium,0
7044,14470.42970883511,Pacific Cargo Group,Clear,High,0
4593,2208.6535864845496,Pacific Cargo Group,Clear,High,1
1400,2703.4853238566934,Pacific Cargo Group,Clear,Low,0
5011,25646.232446360107,Global Maritime Trust,Snow,Medium,0
4087,29709.37699614409,Swift Ocean Carriers,Clear,High,0
1627,20443.541587009255,Swift Ocean Carriers,Rain,Low,0
6115,13655.770056804484,Global Maritime Trust,Clear,High,1
5611,19603.422480356276,Swift Ocean Carriers,Rain,Low,1
5354,18034.67784724209,Swift Ocean Carriers,Clear,High,0
1318,11816.561681965843,Pacific Cargo Group,Rain,Medium,0
4596,2435.971264933382,Pacific Cargo Group,Rain,High,0
4835,24734.63194851951,Global Maritime Trust,Storm,Medium,1
3204,11469.089112542375,Global Maritime Trust,Clear,Low,0
2835,24654.176479034264,Swift Ocean Carriers,Clear,High,0
4655,7949.008115807275,Pacific Cargo Group,Clear,Low,0
1054,530.3696554461852,Global Maritime Trust,Snow,Low,0
4665,5188.679356664317,Global Maritime Trust,Rain,Medium,0
3546,14321.912794673239,Global Maritime Trust,Rain,Medium,0
1145,28356.957231255983,Global Maritime Trust,Clear,High,1
6993,3514.71178096471,Global Maritime Trust,Clear,Low,0
1793,25699.188346616196,Global Maritime Trust,Clear,Medium,0
6281,16047.210838249932,Swift Ocean Carriers,Storm,Medium,1
6473,24864.66259109695,Pacific Cargo Group,Rain,Low,0
3536,9302.045714204782,Pacific Cargo Group,Storm,Low,1
662,25278.44135783792,Global Maritime Trust,Clear,Low,0
2585,23298.272010495733,Pacific Cargo Group,Rain,Low,0
5995,7286.583649427301,Pacific Cargo Group,Rain,High,0
3454,4374.386229076653,Pacific Cargo Group,Clear,Medium,0
6270,26107.60251470264,Global Maritime Trust,Snow,Medium,0
325,28915.48127648389,Global Maritime Trust,Storm,High,1
7544,1423.418255551729,Pacific Cargo Group,Snow,Low,1
4993,22072.466975723724,Pacific Cargo Group,Rain,High,1
7876,27330.97307296064,Global Maritime Trust,Clear,Medium,0
6527,25792.12271672871,Swift Ocean Carriers,Clear,High,1
7122,28953.353931971153,Pacific Cargo Group,Storm,Low,0
1059,22922.775313923867,Swift Ocean Carriers,Clear,High,0
5700,13547.813490236853,Pacific Cargo Group,Rain,Low,0
4648,9702.583719606348,Swift Ocean Carriers,Rain,Low,0
3167,9961.910842924759,Swift Ocean Carriers,Rain,Medium,1
915,21870.46884211645,Swift Ocean Carriers,Storm,Low,1
4854,22502.191854913446,Global Maritime Trust,Clear,Medium,0
7783,6410.594734687023,Swift Ocean Carriers,Clear,Medium,0
4742,26109.622997970666,Swift Ocean Carriers,Clear,Medium,0
5411,21590.259185966304,Swift Ocean Carriers,Clear,Low,0
3220,17101.13344712979,Pacific Cargo Group,Clear,Low,0
7779,14410.207573024125,Swift Ocean Carriers,Clear,Low,0
116,16525.367770803765,Pacific Cargo Group,Snow,Medium,0
7439,5197.749279238302,Swift Ocean Carriers,Storm,Low,0
1343,6509.186853650089,Swift Ocean Carriers,Clear,Low,0
2305,3189.3524669826547,Global Maritime Trust,Clear,Low,0
2624,5032.912125752824,Pacific Cargo Group,Storm,Low,0
1169,13883.96222085584,Swift Ocean Carriers,Clear,Medium,0
3544,16145.454614983555,Pacific Cargo Group,Clear,High,0
2665,1026.9258281104217,Pacific Cargo Group,Clear,Low,1
6342,24005.535921988812,Global Maritime Trust,Rain,Medium,1
5964,9177.955213632598,Global Maritime Trust,Clear,Medium,0
1160,27399.163031317377,Global Maritime Trust,Storm,Medium,1
2427,29041.58227660644,Global Maritime Trust,Clear,Medium,1
3520,5971.036802961303,Global Maritime Trust,Rain,Medium,0
6740,14131.87007758699,Global Maritime Trust,Clear,Medium,0
401,536.3391374095637,Global Maritime Trust,Clear,Low,0
4376,18150.654321111597,Global Maritime Trust,Rain,Medium,1
706,18415.5402237488,Swift Ocean Carriers,Rain,Medium,0
3270,7802.428690299567,Pacific Cargo Group,Rain,Low,0
799,16973.173841204338,Global Maritime Trust,Rain,Low,1
5188,7153.434202090195,Global Maritime Trust,Storm,High,1
1239,5244.351337806607,Pacific Cargo Group,Snow,Medium,0
290,19719.82427066681,Swift Ocean Carriers,Rain,Medium,0
2400,10114.80118658621,Pacific Cargo Group,Clear,High,1
1080,17912.78619712586,Pacific Cargo Group,Clear,Medium,0
3075,13280.77909466384,Global Maritime Trust,Clear,Medium,1
6202,29538.366518385665,Pacific Cargo Group,Rain,Medium,1
1284,4912.62895869319,Pacific Cargo Group,Clear,High,0
3427,14205.6586007564,Global Maritime Trust,Clear,Medium,1
3494,20573.470477600094,Global Maritime Trust,Snow,Medium,0
227,12168.579974459075,Global Maritime Trust,Snow,Low,0
2165,29253.64563018535,Global Maritime Trust,Storm,High,1
1916,21795.685023844584,Pacific Cargo Group,Clear,Medium,0
5954,19881.023798152546,Pacific Cargo Group,Rain,Low,0
6809,22833.24839453109,Swift Ocean Carriers,Clear,High,0
669,28603.13482214215,Swift Ocean Carriers,Clear,Medium,0
5542,27280.650263046886,Pacific Cargo Group,Clear,Low,1
1995,21866.41658972915,Swift Ocean Carriers,Clear,Medium,0
2833,22600.268353487852,Pacific Cargo Group,Clear,Medium,1
3963,4804.701184036791,Swift Ocean Carriers,Snow,High,0
4821,3532.3759325336378,Global Maritime Trust,Clear,Low,0
7555,17341.682804402848,Swift Ocean Carriers,Rain,High,1
4114,1041.8452897459301,Global Maritime Trust,Rain,Medium,0
3001,14729.51325577195,Global Maritime Trust,Clear,Low,0
1786,6705.312607606624,Global Maritime Trust,Clear,High,1
3109,10707.488745522767,Global Maritime Trust,Clear,Medium,1
7906,23386.239705892203,Swift Ocean Carriers,Rain,Low,1
254,28266.506374855402,Pacific Cargo Group,Clear,Medium,0
2637,2636.280028317074,Global Maritime Trust,Clear,High,1
1509,16260.14507630513,Swift Ocean Carriers,Clear,Low,0
4157,26534.7378316782,Global Maritime Trust,Rain,Low,0
884,2934.001765992428,Swift Ocean Carriers,Storm,Low,1
3275,24823.1643834566,Swift Ocean Carriers,Clear,Low,0
7660,11055.139852384005,Swift Ocean Carriers,Rain,Medium,0
4441,10001.793715470392,Pacific Cargo Group,Rain,Medium,0
7443,29335.25839628618,Swift Ocean Carriers,Storm,Low,1
7306,6425.343150937678,Swift Ocean Carriers,Snow,Low,0
5696,20949.221254269087,Pacific Cargo Group,Rain,Low,0
5901,24732.50147629106,Pacific Cargo Group,Rain,High,0
2906,1714.9131107385144,Swift Ocean Carriers,Snow,Low,0
637,20276.37102145516,Pacific Cargo Group,Clear,High,0
6086,28570.724243482146,Global Maritime Trust,Clear,Medium,0
1941,4164.4890184777505,Global Maritime Trust,Clear,Low,0
5116,26938.52842920863,Pacific Cargo Group,Snow,High,1
2555,18045.910802619615,Pacific Cargo Group,Snow,Medium,0
624,18689.835164942982,Swift Ocean Carriers,Clear,Medium,1
7071,18581.853158535374,Pacific Cargo Group,Rain,High,0
5725,9315.658646950758,Swift Ocean Carriers,Clear,Low,0
3050,28088.45355133406,Global Maritime Trust,Clear,Low,0
4231,28446.83864761564,Pacific Cargo Group,Storm,Medium,1
4880,18946.48747631146,Swift Ocean Carriers,Clear,Low,0
4215,23610.970415277632,Swift Ocean Carriers,Clear,Low,0
2468,18561.61058349416,Global Maritime Trust,Rain,Low,0
3947,14789.754203434199,Pacific Cargo Group,Rain,Low,0
6755,19994.193489827896,Global Maritime Trust,Clear,Medium,0
4595,16813.54285146277,Swift Ocean Carriers,Rain,Low,0
2801,18125.537947641937,Swift Ocean Carriers,Rain,Medium,1
1071,23623.060325856426,Pacific Cargo Group,Clear,Medium,0
6102,14686.663027745053,Swift Ocean Carriers,Clear,Medium,0
6714,1702.2461297279465,Pacific Cargo Group,Rain,Low,0
1266,5337.984689190169,Global Maritime Trust,Clear,Medium,0
5311,13438.912886441381,Pacific Cargo Group,Storm,Low,1
7621,21882.38351628472,Pacific Cargo Group,Snow,Medium,0
5029,18001.720125150274,Swift Ocean Carriers,Storm,High,1
6019,19683.67848326689,Swift Ocean Carriers,Clear,Medium,0
2874,14638.728393000474,Pacific Cargo Group,Storm,Medium,0
2082,18664.389647296164,Swift Ocean Carriers,Clear,Medium,0
953,10206.014415532534,Swift Ocean Carriers,Clear,Low,0
4246,14370.38648455162,Swift Ocean Carriers,Clear,High,0
3836,22456.23243505119,Pacific Cargo Group,Clear,High,0
3869,26219.066979707073,Swift Ocean Carriers,Rain,Low,0
674,13292.832351713472,Pacific Cargo Group,Clear,Medium,0
3361,1788.018902367155,Swift Ocean Carriers,Clear,High,0
1248,5269.340052330678,Global Maritime Trust,Rain,High,1
6393,1115.403609100374,Swift Ocean Carriers,Clear,Medium,0
6557,19771.25906750124,Swift Ocean Carriers,Rain,Medium,0
6813,10303.281447975713,Pacific Cargo Group,Clear,Low,0
7609,16503.11975372134,Pacific Cargo Group,Snow,High,0
6548,15051.666980122087,Swift Ocean Carriers,Snow,Low,1
1815,2905.0314417965874,Global Maritime Trust,Clear,Medium,0
4877,12396.210153153039,Swift Ocean Carriers,Clear,Low,0
5033,7006.553185208537,Swift Ocean Carriers,Clear,Low,0
3954,12842.793765695755,Global Maritime Trust,Snow,Medium,1
5273,6505.559270096159,Pacific Cargo Group,Clear,High,0
7246,25293.345985169537,Swift Ocean Carriers,Clear,Low,0
2591,5638.7034290584825,Pacific Cargo Group,Clear,Medium,1
2760,28843.02626886582,Pacific Cargo Group,Clear,Low,0
7236,12769.267301334754,Global Maritime Trust,Clear,Low,0
6507,25464.236114561954,Global Maritime Trust,Snow,Medium,1
3224,19048.56213707538,Pacific Cargo Group,Clear,Medium,0
5791,22192.833810639702,Swift Ocean Carriers,Clear,Low,1
3151,23147.85469797002,Pacific Cargo Group,Snow,Low,0
7887,15392.924015844024,Swift Ocean Carriers,Snow,Low,0
104,16527.365439217006,Swift Ocean Carriers,Clear,Low,0
5322,15662.878100357386,Global Maritime Trust,Clear,High,0
5415,17847.722153657338,Swift Ocean Carriers,Clear,High,0
4969,1367.1361498169651,Swift Ocean Carriers,Storm,Low,0
976,12167.69751054595,Pacific Cargo Group,Clear,Medium,0
1091,18382.56705005456,Global Maritime Trust,Storm,High,1
7127,18132.845175047998,Swift Ocean Carriers,Rain,Low,1
7617,23892.20479086613,Swift Ocean Carriers,Rain,High,0
4242,19822.7754955472,Global Maritime Trust,Clear,High,0
7110,29767.932832049835,Pacific Cargo Group,Clear,Low,0
7066,8873.708593955029,Global Maritime Trust,Clear,Low,0
7179,11094.955375153828,Global Maritime Trust,Clear,High,0
6899,11823.49098009999,Swift Ocean Carriers,Rain,Medium,0
4464,14241.477807097332,Swift Ocean Carriers,Storm,Low,0
4565,25161.942881545678,Pacific Cargo Group,Rain,Low,0
735,7455.866771796691,Swift Ocean Carriers,Rain,Medium,0
5325,23392.00610754517,Swift Ocean Carriers,Clear,Medium,0
1793,12456.65040102943,Global Maritime Trust,Clear,Medium,0
1782,18254.73381802925,Swift Ocean Carriers,Clear,High,1
4852,19159.94573017603,Pacific Cargo Group,Rain,Low,1
219,11499.034797073567,Global Maritime Trust,Storm,Medium,0
930,15622.148553571253,Pacific Cargo Group,Rain,Medium,0
6006,12684.419652107063,Global Maritime Trust,Clear,Medium,0
3775,2539.4171925052733,Swift Ocean Carriers,Clear,Low,0
5277,13396.378970096383,Global Maritime Trust,Rain,High,1
6170,3373.105080329789,Global Maritime Trust,Clear,High,0
1469,12448.113572869484,Swift Ocean Carriers,Snow,Medium,0
840,17991.092795037566,Swift Ocean Carriers,Snow,Medium,0
7741,17592.739530633273,Pacific Cargo Group,Rain,Low,1
216,20047.327730745452,Pacific Cargo Group,Clear,Medium,1
6049,3310.2144846614756,Swift Ocean Carriers,Clear,Medium,0
2938,19737.63574314792,Swift Ocean Carriers,Clear,Medium,0
1250,9708.367672545188,Swift Ocean Carriers,Clear,High,0
7660,12271.855411044777,Global Maritime Trust,Clear,Medium,0
2031,25810.59449071982,Global Maritime Trust,Rain,Low,0
1112,766.3969218217323,Global Maritime Trust,Rain,Medium,0
1764,17858.172683547862,Swift Ocean Carriers,Clear,Low,0
1181,18162.06241295317,Pacific Cargo Group,Clear,Low,0
4829,12201.463402135078,Swift Ocean Carriers,Clear,Low,0
612,7492.321784695918,Global Maritime Trust,Clear,Medium,0
2949,7422.8841287157575,Global Maritime Trust,Snow,Medium,0
5315,26569.4352549922,Swift Ocean Carriers,Clear,Medium,1
7905,13539.719026594297,Swift Ocean Carriers,Clear,Medium,0
5337,10261.236208180571,Global Maritime Trust,Clear,Medium,0
659,13738.93842802639,Global Maritime Trust,Snow,Low,0
3772,20247.01684305116,Global Maritime Trust,Rain,High,1
4683,4799.818763220175,Swift Ocean Carriers,Clear,Low,0
7504,13758.298138805261,Global Maritime Trust,Rain,Low,1
5092,17842.588947756416,Global Maritime Trust,Rain,Medium,0
3443,28483.208968117295,Pacific Cargo Group,Storm,Low,0
5408,7949.569571224868,Swift Ocean Carriers,Clear,Low,0
4170,11097.897063529244,Pacific Cargo Group,Snow,Medium,1
4899,11691.0784027115,Pacific Cargo Group,Storm,Medium,0
1570,18363.375650524045,Global Maritime Trust,Storm,Medium,1
680,11023.595564680048,Swift Ocean Carriers,Rain,High,0
7033,16238.60179634102,Global Maritime Trust,Rain,Medium,0
7104,23562.814730428367,Swift Ocean Carriers,Clear,High,1
2394,21308.875026310005,Pacific Cargo Group,Rain,Low,0
3247,13667.875072121275,Swift Ocean Carriers,Rain,Medium,1
4349,25994.37724138798,Global Maritime Trust,Rain,High,1
1779,16965.137363018956,Global Maritime Trust,Clear,Medium,0
3606,16427.22226531527,Global Maritime Trust,Rain,Medium,0
5192,1508.5390952051662,Swift Ocean Carriers,Snow,Low,1
7353,29607.442920536265,Pacific Cargo Group,Clear,Low,1
2844,4127.638851623988,Pacific Cargo Group,Snow,Medium,0
3456,7318.361916615575,Swift Ocean Carriers,Rain,Low,0
4145,2025.0566986250453,Global Maritime Trust,Snow,High,0
1343,19380.087521688954,Pacific Cargo Group,Clear,Low,0
5288,7128.68472069406,Global Maritime Trust,Clear,High,1
3218,5810.307905445343,Swift Ocean Carriers,Storm,High,1
5204,3112.389734585621,Global Maritime Trust,Clear,Low,0
2241,3547.614235158462,Pacific Cargo Group,Snow,Low,0
5969,17747.78566305637,Pacific Cargo Group,Clear,High,1
5153,20802.132043064565,Global Maritime Trust,Rain,High,1
3159,12222.68015969983,Swift Ocean Carriers,Clear,Medium,0
4648,14656.96390696616,Global Maritime Trust,Rain,Low,1
5423,20736.04821149803,Swift Ocean Carriers,Clear,Medium,0
3059,1012.7038104716493,Global Maritime Trust,Clear,Medium,0
2365,10032.354383573218,Pacific Cargo Group,Clear,Low,1
6717,29206.38356807522,Swift Ocean Carriers,Clear,Medium,0
2579,17613.310776016307,Swift Ocean Carriers,Storm,Low,0
6584,7999.625106976051,Swift Ocean Carriers,Storm,Low,1
4746,15891.036375768288,Pacific Cargo Group,Clear,Low,0
1735,10608.277899567003,Global Maritime Trust,Rain,Low,0
5508,16201.227170375823,Pacific Cargo Group,Clear,Low,1
7521,4209.374598296141,Swift Ocean Carriers,Rain,Medium,1
1857,4415.082287668683,Global Maritime Trust,Snow,Low,0
4552,4734.499680162089,Pacific Cargo Group,Storm,Low,1
2170,28224.68386184183,Swift Ocean Carriers,Clear,Low,0
5981,22120.51809106958,Swift Ocean Carriers,Rain,High,1
6765,5290.265892538467,Pacific Cargo Group,Clear,Medium,0
5977,6056.297971085242,Pacific Cargo Group,Storm,Medium,1
7367,22059.469508690854,Pacific Cargo Group,Clear,Medium,0
2949,5106.833421369131,Swift Ocean Carriers,Rain,High,0
3351,7419.558153377446,Pacific Cargo Group,Rain,Low,0
7490,28918.731568201772,Swift Ocean Carriers,Rain,Medium,1
7005,8031.542479488739,Pacific Cargo Group,Clear,Medium,0
3830,20018.154335948828,Swift Ocean Carriers,Storm,Medium,1
2589,29369.62297831565,Swift Ocean Carriers,Clear,Low,0
1731,11541.754630623884,Global Maritime Trust,Rain,Medium,0
2916,1016.7217304308359,Pacific Cargo Group,Clear,Low,0
1115,7702.345067460041,Pacific Cargo Group,Clear,Medium,1
1448,25010.87714458031,Swift Ocean Carriers,Rain,Medium,0
4711,26005.960660673583,Swift Ocean Carriers,Clear,Low,0
3187,23171.321253451842,Swift Ocean Carriers,Clear,High,1
2939,3836.739662758904,Global Maritime Trust,Clear,Low,0
435,23967.55596504389,Global Maritime Trust,Clear,High,0
5978,27600.995011308376,Swift Ocean Carriers,Rain,Medium,1
6501,18217.981505113967,Pacific Cargo Group,Snow,Low,1
4692,28255.823011972912,Pacific Cargo Group,Clear,Low,0
995,24891.747069500383,Global Maritime Trust,Clear,High,0
6403,20175.659751231764,Global Maritime Trust,Clear,Low,0
3646,17526.96448299657,Swift Ocean Carriers,Clear,Low,0
951,10782.92318363813,Pacific Cargo Group,Rain,Low,0
1787,5198.979634662752,Swift Ocean Carriers,Rain,Medium,0
2031,18346.140719370953,Global Maritime Trust,Clear,Medium,1
6933,9884.290831734525,Pacific Cargo Group,Clear,Low,0
3846,26059.94069206554,Pacific Cargo Group,Clear,Low,0
2527,29803.43965207954,Global Maritime Trust,Snow,Low,0
1668,22696.61899715939,Swift Ocean Carriers,Storm,Low,0
4100,3169.210010967997,Swift Ocean Carriers,Clear,Medium,0
5152,9016.225068153824,Pacific Cargo Group,Clear,Medium,1
2838,3718.734137089617,Global Maritime Trust,Snow,Low,0
3598,19690.093609855616,Pacific Cargo Group,Storm,Low,1
5832,23073.13050439565,Global Maritime Trust,Clear,Low,0
5487,27807.407510980996,Swift Ocean Carriers,Clear,High,1
7844,13426.084219153636,Global Maritime Trust,Clear,High,0
5636,27090.581662859106,Swift Ocean Carriers,Rain,High,1
5387,26397.789191719163,Global Maritime Trust,Clear,Low,0
4013,9857.273644579258,Pacific Cargo Group,Clear,Low,1
1166,26132.568453446846,Swift Ocean Carriers,Rain,Low,0
7823,11582.33143051093,Pacific Cargo Group,Clear,Low,0
4480,9257.643599528283,Pacific Cargo Group,Rain,Medium,0
2544,19647.702434434595,Swift Ocean Carriers,Clear,Medium,0
4207,10187.24622260989,Swift Ocean Carriers,Clear,High,0
5826,19091.158075709754,Pacific Cargo Group,Rain,High,0
3473,18490.03826221149,Pacific Cargo Group,Clear,Low,0
4069,17121.448356779536,Pacific Cargo Group,Storm,Medium,1
7520,11722.381274867532,Pacific Cargo Group,Rain,Low,0
2646,16680.741788718566,Swift Ocean Carriers,Clear,Low,0
853,18096.32151206994,Swift Ocean Carriers,Rain,Medium,0
2182,16597.763210616467,Pacific Cargo Group,Clear,Low,0
2874,13610.373856160446,Global Maritime Trust,Storm,Medium,1
2996,932.6781828647825,Global Maritime Trust,Clear,Low,0
4285,17818.320377183954,Swift Ocean Carriers,Rain,Medium,1
875,5469.10936171023,Pacific Cargo Group,Clear,Medium,0
6848,19455.99108394209,Pacific Cargo Group,Clear,Low,0
7213,22900.657673724545,Swift Ocean Carriers,Snow,High,0
1725,15263.136619356874,Global Maritime Trust,Snow,Low,0
3169,16499.728116902283,Global Maritime Trust,Clear,Medium,1
517,28568.617510146738,Global Maritime Trust,Clear,Medium,1
214,25491.43716049094,Swift Ocean Carriers,Snow,Medium,0
716,27469.977220568362,Global Maritime Trust,Storm,High,1
4074,24506.1055054278,Swift Ocean Carriers,Clear,Low,0
3367,3713.0910844785776,Swift Ocean Carriers,Clear,Medium,0
925,4895.259751120744,Pacific Cargo Group,Clear,Medium,0
7768,16035.402019434308,Global Maritime Trust,Snow,High,1
5845,7759.054934540948,Swift Ocean Carriers,Clear,Low,1
1616,14562.516513714196,Global Maritime Trust,Clear,Medium,0
3246,12133.777052641331,Global Maritime Trust,Rain,Medium,0
512,16707.720033698373,Pacific Cargo Group,Clear,Low,0
7643,22532.83362600677,Global Maritime Trust,Clear,Medium,1
7687,21606.981759428596,Pacific Cargo Group,Clear,Low,0
828,15876.406908317364,Swift Ocean Carriers,Clear,Medium,0
3448,24760.605855103215,Global Maritime Trust,Clear,High,1
7264,13210.431700371984,Swift Ocean Carriers,Rain,Medium,0
2908,26953.07155028361,Global Maritime Trust,Clear,Medium,0
775,2602.767966627335,Swift Ocean Carriers,Rain,Medium,0
3565,28662.47088598257,Global Maritime Trust,Snow,Low,0
6088,19813.445902224772,Global Maritime Trust,Rain,Low,1
2604,11712.198013647556,Global Maritime Trust,Clear,Medium,0
3067,6316.0467338998815,Global Maritime Trust,Clear,Low,0
6435,14635.905268586197,Global Maritime Trust,Clear,Low,0
2886,6239.470533966379,Global Maritime Trust,Clear,Medium,0
7956,5406.782428422694,Global Maritime Trust,Clear,Low,0
1222,18711.876843682738,Global Maritime Trust,Rain,Low,0
4179,15930.999375162648,Global Maritime Trust,Clear,Medium,0
1671,20267.83302102278,Swift Ocean Carriers,Clear,Low,0
5173,27923.37338394868,Pacific Cargo Group,Clear,High,0
5204,16201.676293501685,Global Maritime Trust,Rain,High,1
2243,17637.495571252533,Pacific Cargo Group,Clear,Medium,0
1787,3143.9770050707925,Global Maritime Trust,Rain,Low,0
6906,21670.25568430457,Global Maritime Trust,Clear,Medium,1
7457,12297.203600722607,Swift Ocean Carriers,Snow,High,0
4232,29313.394540546076,Swift Ocean Carriers,Snow,Medium,0
3951,24783.63346007198,Pacific Cargo Group,Clear,Low,0
3540,15913.19069522549,Swift Ocean Carriers,Clear,Medium,0
3866,4135.068298078899,Swift Ocean Carriers,Clear,High,0
5744,25852.76590177738,Pacific Cargo Group,Clear,Medium,1
2426,24093.54231500864,Swift Ocean Carriers,Rain,Medium,1
6460,5945.261321342473,Global Maritime Trust,Snow,Medium,1
3014,9210.709531999148,Pacific Cargo Group,Rain,Medium,0
5068,23905.514115361202,Pacific Cargo Group,Snow,Low,0
6017,5964.239173148585,Global Maritime Trust,Clear,Medium,0
5492,27573.69843055563,Swift Ocean Carriers,Clear,Low,1
4052,13023.559043292677,Pacific Cargo Group,Rain,Medium,0
6305,3067.64939633593,Pacific Cargo Group,Clear,Low,0
695,24564.584983376288,Global Maritime Trust,Rain,Medium,0
6099,11518.535649632435,Global Maritime Trust,Clear,Low,0
828,16031.72622753654,Swift Ocean Carriers,Clear,Medium,0
1465,3812.9781601309655,Pacific Cargo Group,Storm,Medium,1
4592,576.2284379269804,Swift Ocean Carriers,Clear,Low,0
798,19320.56357090228,Swift Ocean Carriers,Storm,Low,1
7286,15697.667524845083,Global Maritime Trust,Storm,Low,1
6420,18009.38778913284,Pacific Cargo Group,Rain,High,1
5831,23915.443586225232,Pacific Cargo Group,Rain,Medium,0
495,19574.874445974372,Pacific Cargo Group,Rain,Medium,0
6688,5655.816563407627,Global Maritime Trust,Snow,Low,0
7500,11142.789313762694,Global Maritime Trust,Clear,Medium,0
4271,27223.78759123893,Global Maritime Trust,Clear,High,1
4460,23213.36865742453,Global Maritime Trust,Rain,High,0
2602,16920.79320913316,Global Maritime Trust,Clear,Medium,1
1919,8041.527435373533,Pacific Cargo Group,Clear,Low,0
817,9410.784804126453,Swift Ocean Carriers,Clear,Low,0
2882,22092.762993776218,Pacific Cargo Group,Rain,Low,0
7651,25609.64069515674,Swift Ocean Carriers,Snow,Low,0
7831,20307.027751153124,Global Maritime Trust,Clear,Low,0
5046,24381.13428516903,Swift Ocean Carriers,Storm,Low,0
3677,23116.355988411975,Pacific Cargo Group,Rain,Low,0
5586,4916.267054730253,Pacific Cargo Group,Snow,High,0
243,13006.37198094241,Swift Ocean Carriers,Rain,Medium,0
5080,5013.022124442598,Global Maritime Trust,Rain,High,1
3240,7439.449751658552,Global Maritime Trust,Clear,Medium,0
7366,26143.158927206052,Pacific Cargo Group,Snow,Low,1
4591,14450.312986178873,Swift Ocean Carriers,Clear,Medium,0
7292,16293.064004358495,Global Maritime Trust,Snow,Low,1
7191,5764.155974219278,Global Maritime Trust,Storm,Medium,0
3038,9712.017688439482,Pacific Cargo Group,Clear,Low,0
5688,7292.261968622163,Global Maritime Trust,Clear,High,1
7751,6582.491853293579,Swift Ocean Carriers,Rain,Low,0
3736,19319.84340282112,Pacific Cargo Group,Clear,Low,0
3322,8078.073505548587,Pacific Cargo Group,Snow,High,0
1267,19144.456837602345,Swift Ocean Carriers,Clear,Low,0
2716,2224.41111620234,Pacific Cargo Group,Clear,Medium,0
1162,4682.3446090495045,Global Maritime Trust,Storm,Medium,1
2256,8598.937493003697,Global Maritime Trust,Rain,High,0
7960,18112.884048422904,Swift Ocean Carriers,Snow,High,0
5261,20437.31673007759,Global Maritime Trust,Clear,High,1
5405,13560.15051999605,Swift Ocean Carriers,Rain,Low,0
3082,13650.831980028255,Swift Ocean Carriers,Rain,High,1
6641,21873.247116259234,Global Maritime Trust,Rain,Medium,0
3394,966.7222070846819,Swift Ocean Carriers,Rain,Medium,0
4829,10562.155721989506,Global Maritime Trust,Rain,Low,0
1256,24651.858185017365,Pacific Cargo Group,Clear,Medium,0
7430,18294.97260129448,Pacific Cargo Group,Clear,High,0
5434,10448.2004162849,Swift Ocean Carriers,Rain,High,1
832,27212.98137372538,Global Maritime Trust,Clear,Medium,0
4430,23292.370459756785,Global Maritime Trust,Rain,Low,0
6901,8314.415693483636,Pacific Cargo Group,Clear,Low,0
4946,19536.050207008648,Pacific Cargo Group,Rain,High,0
6831,18074.646481574222,Global Maritime Trust,Rain,Medium,0
7276,12335.043464149989,Swift Ocean Carriers,Clear,Medium,0
7341,11325.20433654162,Pacific Cargo Group,Clear,Low,0
1053,10635.034005883266,Swift Ocean Carriers,Clear,Medium,0
2639,18706.095610171582,Swift Ocean Carriers,Rain,Medium,0
7156,13551.09312617975,Pacific Cargo Group,Snow,High,1
3424,25039.96184091695,Swift Ocean Carriers,Clear,Medium,0
3401,20253.277175951876,Swift Ocean Carriers,Rain,Low,0
1642,2562.982368428307,Global Maritime Trust,Clear,Medium,1
5393,19384.9626029309,Swift Ocean Carriers,Clear,Low,0
5872,8498.849376755452,Global Maritime Trust,Storm,High,1
1291,17987.953753775968,Pacific Cargo Group,Clear,Low,0
6413,20563.891967551815,Pacific Cargo Group,Clear,Medium,0
5612,7309.461080043356,Global Maritime Trust,Clear,Low,1
3093,13977.330023970875,Pacific Cargo Group,Clear,Medium,0
7038,6114.5834531625,Swift Ocean Carriers,Clear,Medium,0
2781,2043.9968357019952,Swift Ocean Carriers,Clear,Medium,1
1317,11665.054492833138,Swift Ocean Carriers,Rain,Low,0
1640,11206.856019456764,Pacific Cargo Group,Clear,Low,0
6272,29866.674475775584,Swift Ocean Carriers,Rain,Low,1
3336,13667.394360330443,Pacific Cargo Group,Clear,Medium,0
5641,10340.301709429912,Swift Ocean Carriers,Clear,Low,0
2486,17624.0126981419,Global Maritime Trust,Rain,Medium,0
3819,3118.6381261791694,Pacific Cargo Group,Storm,High,1
5715,28869.13921066699,Pacific Cargo Group,Clear,High,1
1488,19231.321344935477,Swift Ocean Carriers,Snow,Medium,1
1956,22767.715688255008,Pacific Cargo Group,Rain,Medium,0
1465,5529.099176130568,Pacific Cargo Group,Rain,Low,0
599,12579.596663653514,Global Maritime Trust,Rain,Medium,1
1780,12969.32884518759,Global Maritime Trust,Clear,High,0
610,24743.290095082062,Swift Ocean Carriers,Clear,Low,0
7594,536.4820529025785,Global Maritime Trust,Rain,Medium,0
4412,9375.166696421025,Swift Ocean Carriers,Clear,High,1
1424,29446.473043156966,Swift Ocean Carriers,Storm,High,0
1255,14509.15303343345,Swift Ocean Carriers,Clear,Low,0
1927,11784.525267198243,Pacific Cargo Group,Clear,Medium,0
3241,4034.955559520567,Global Maritime Trust,Rain,Low,0
7519,29237.856544526458,Swift Ocean Carriers,Clear,Low,1
3586,1090.7774998118218,Global Maritime Trust,Rain,High,0
1910,22246.816637713673,Swift Ocean Carriers,Rain,High,0
6688,23173.694241260997,Global Maritime Trust,Storm,Medium,0
3023,7687.8731238840655,Global Maritime Trust,Rain,Low,0
5401,20310.9740865846,Swift Ocean Carriers,Rain,High,1
2314,3241.4097591920026,Pacific Cargo Group,Rain,Medium,0
4286,8082.894359746356,Global Maritime Trust,Storm,Low,0
813,23743.108654621818,Pacific Cargo Group,Clear,Medium,0
6077,26008.242664989437,Pacific Cargo Group,Clear,Low,1
3702,18450.349173463845,Swift Ocean Carriers,Clear,Medium,0
4234,15451.733738704237,Swift Ocean Carriers,Clear,Medium,0
7393,5199.468608259919,Swift Ocean Carriers,Rain,Low,0
3622,2361.71647583493,Global Maritime Trust,Rain,Low,0
4368,3970.6463399699796,Swift Ocean Carriers,Rain,Low,0
4848,7207.040352834914,Swift Ocean Carriers,Clear,Low,0
4949,10579.397805959165,Global Maritime Trust,Rain,Medium,1
1343,11736.831002574123,Global Maritime Trust,Clear,High,1
3809,10716.492173375604,Swift Ocean Carriers,Rain,Low,0
1181,7552.1322998193355,Swift Ocean Carriers,Rain,Low,0
5879,15536.865279175096,Swift Ocean Carriers,Clear,Medium,1
6719,24845.940192870457,Swift Ocean Carriers,Clear,High,0
555,8751.254384908638,Pacific Cargo Group,Clear,Low,0
5024,28300.417063515877,Pacific Cargo Group,Snow,Low,0
994,26263.43152085351,Swift Ocean Carriers,Storm,Medium,0
1484,5272.044234887234,Pacific Cargo Group,Rain,Low,0
2058,23695.140724334287,Global Maritime Trust,Clear,Low,0
3172,17450.327778374114,Pacific Cargo Group,Clear,Medium,0
6630,17213.97318405685,Pacific Cargo Group,Rain,Medium,0
2096,12035.761510216145,Swift Ocean Carriers,Rain,Medium,0
6591,15284.013475869288,Pacific Cargo Group,Clear,Medium,1
4385,12216.773934161725,Pacific Cargo Group,Clear,Medium,0
604,16422.112253418316,Pacific Cargo Group,Rain,Low,1
1314,19024.526556792756,Pacific Cargo Group,Clear,Low,0
1631,20391.962289066927,Global Maritime Trust,Clear,Low,0
3540,16208.195180503071,Swift Ocean Carriers,Clear,Low,0
7676,21781.950986197586,Swift Ocean Carriers,Rain,Medium,0
923,4667.702453627421,Global Maritime Trust,Snow,High,0
1028,6753.483481616036,Pacific Cargo Group,Storm,High,1
5129,24652.682620190968,Global Maritime Trust,Rain,Medium,1
5336,10014.575346469248,Pacific Cargo Group,Rain,Low,1
233,1175.3678367955472,Global Maritime Trust,Clear,Low,0
2205,5036.838915206918,Swift Ocean Carriers,Rain,High,1
3727,7096.625817641182,Swift Ocean Carriers,Clear,Medium,0
4880,28741.025192890324,Swift Ocean Carriers,Rain,Medium,0
6915,17404.722153460054,Pacific Cargo Group,Clear,Medium,0
6416,28015.556844049515,Pacific Cargo Group,Clear,Medium,1
1952,17467.318839650434,Global Maritime Trust,Clear,High,0
5010,14640.955984066628,Global Maritime Trust,Clear,Low,0
5368,9754.966890225833,Swift Ocean Carriers,Clear,Medium,0
4275,18387.94286078458,Pacific Cargo Group,Clear,High,0
3033,4606.341726217131,Global Maritime Trust,Storm,Low,1
3384,26998.718005134826,Pacific Cargo Group,Clear,Medium,0
4398,24965.30595166787,Pacific Cargo Group,Rain,Low,0
2911,9867.177712363742,Swift Ocean Carriers,Snow,High,0
5448,28607.527064238184,Swift Ocean Carriers,Storm,Low,1
5895,24843.42263875926,Pacific Cargo Group,Rain,Medium,1
1350,20156.05313213367,Pacific Cargo Group,Snow,Low,0
5878,4091.9763781956062,Pacific Cargo Group,Clear,Medium,0
5751,14607.903679918132,Pacific Cargo Group,Clear,Low,0
3612,15430.17286797915,Swift Ocean Carriers,Clear,Low,0
7669,7360.265071778713,Global Maritime Trust,Rain,Medium,0
6290,2858.9791335994073,Swift Ocean Carriers,Rain,High,0
1356,23413.347098914935,Global Maritime Trust,Clear,Low,0
3476,4100.034037669653,Pacific Cargo Group,Clear,Low,0
5745,18031.577141572354,Global Maritime Trust,Rain,Medium,1
5362,28125.250629567985,Swift Ocean Carriers,Clear,Medium,0
3586,26345.103181642255,Swift Ocean Carriers,Rain,High,0
3684,8693.702400603202,Pacific Cargo Group,Rain,Low,0
1496,25617.73480776233,Swift Ocean Carriers,Rain,Medium,0
3737,509.8089305544375,Pacific Cargo Group,Rain,Low,0
3430,1021.790383591088,Swift Ocean Carriers,Snow,Low,0
2803,18275.318333364517,Swift Ocean Carriers,Clear,Medium,0
570,11261.54746476362,Pacific Cargo Group,Rain,Medium,0
7214,11900.594814194841,Global Maritime Trust,Rain,Medium,1
5231,17151.012175027034,Swift Ocean Carriers,Clear,Low,0
1453,6157.582439959887,Global Maritime Trust,Clear,Medium,0
2883,6746.782844631612,Swift Ocean Carriers,Clear,Medium,0
2931,14795.746817056508,Swift Ocean Carriers,Clear,High,1
5163,22750.47955814396,Swift Ocean Carriers,Rain,Low,1
457,18775.183666523837,Swift Ocean Carriers,Snow,Low,0
3119,9271.973922986748,Global Maritime Trust,Clear,Low,0
7675,13194.946736513175,Global Maritime Trust,Clear,Medium,0
767,5534.610377224953,Swift Ocean Carriers,Storm,Low,0
4568,2701.5795229439104,Swift Ocean Carriers,Clear,High,1
5227,23589.533201952403,Global Maritime Trust,Clear,Low,0
1245,8328.92857105174,Pacific Cargo Group,Rain,High,0
5567,5744.108441611822,Pacific Cargo Group,Rain,Low,0
6919,20902.73263929492,Global Maritime Trust,Clear,Medium,0
4285,18732.524391471987,Swift Ocean Carriers,Clear,High,1
3819,19179.09396739719,Swift Ocean Carriers,Clear,Low,0
2845,7252.390842975102,Pacific Cargo Group,Rain,High,0
7583,7363.043387599089,Pacific Cargo Group,Rain,Medium,0
7445,7013.677578676355,Global Maritime Trust,Clear,High,1
639,5625.701572037688,Pacific Cargo Group,Rain,Medium,0
2879,19843.84834056886,Global Maritime Trust,Snow,Low,0
5064,25516.468614857342,Pacific Cargo Group,Clear,Low,0
4236,21867.365355461505,Pacific Cargo Group,Clear,Low,0
4935,23866.762195936026,Pacific Cargo Group,Rain,Low,1
3875,12441.553658013394,Swift Ocean Carriers,Clear,Low,0
6142,19795.235963473944,Swift Ocean Carriers,Clear,Low,1
6745,10949.969093120848,Swift Ocean Carriers,Rain,Medium,0
7202,16002.38634807488,Pacific Cargo Group,Snow,Medium,0
7412,14708.227972778439,Global Maritime Trust,Snow,Low,0
5420,5718.1707817437045,Global Maritime Trust,Rain,Low,1
5124,11918.82342990111,Global Maritime Trust,Rain,Medium,1
6232,28932.757126729353,Global Maritime Trust,Clear,Low,1
7991,7833.117602590792,Swift Ocean Carriers,Rain,Low,0
2608,4447.210220244917,Swift Ocean Carriers,Clear,Low,0
2879,12848.128337906091,Pacific Cargo Group,Clear,High,0
6995,23814.96320787437,Pacific Cargo Group,Rain,High,1
1024,17673.372778509183,Global Maritime Trust,Rain,Low,0
3056,20588.757403528212,Swift Ocean Carriers,Clear,Medium,0
1681,6095.998021152977,Global Maritime Trust,Storm,Medium,1
7814,18758.971693727784,Pacific Cargo Group,Clear,Medium,0
3424,10043.261649888476,Pacific Cargo Group,Clear,Medium,0
4585,25111.949295665643,Global Maritime Trust,Clear,Medium,0
5813,19064.31477731672,Pacific Cargo Group,Rain,Low,1
7126,6366.260194371229,Global Maritime Trust,Rain,Low,0
355,2406.192055400541,Swift Ocean Carriers,Clear,Medium,0
4904,1757.6796739674658,Global Maritime Trust,Rain,High,1
1938,11456.552745679151,Swift Ocean Carriers,Clear,Medium,1
2044,8342.608531302249,Swift Ocean Carriers,Rain,High,0
6693,19559.658642143986,Pacific Cargo Group,Clear,High,1
109,15230.34813186924,Pacific Cargo Group,Clear,Low,0
2971,8347.568701158732,Pacific Cargo Group,Storm,Medium,1
897,4902.514449530196,Global Maritime Trust,Clear,Medium,0
7509,4252.392999279763,Global Maritime Trust,Clear,High,0
7518,26007.48156814232,Pacific Cargo Group,Rain,High,1
5072,7682.600067943584,Global Maritime Trust,Storm,Medium,0
5224,19725.464113373564,Pacific Cargo Group,Clear,Low,1
7386,24415.234875594855,Global Maritime Trust,Clear,Medium,1
1115,18615.398679949714,Swift Ocean Carriers,Clear,Low,0
1924,25857.1743335849,Swift Ocean Carriers,Rain,Medium,1
4569,12075.614785089998,Pacific Cargo Group,Clear,High,0
3236,28708.554624143977,Global Maritime Trust,Rain,Low,0
2293,4427.77762325386,Global Maritime Trust,Storm,Medium,1
323,3513.411124897374,Swift Ocean Carriers,Clear,Medium,0
5458,19931.418313119586,Swift Ocean Carriers,Clear,Medium,1
6420,28313.51867169122,Pacific Cargo Group,Clear,Low,0
5998,24362.06211827168,Swift Ocean Carriers,Clear,Medium,0
5048,2754.297353422517,Pacific Cargo Group,Snow,High,1
7549,8741.347561074133,Swift Ocean Carriers,Clear,High,1
4258,27944.4071027158,Swift Ocean Carriers,Clear,Low,0
5436,7965.223767623144,Global Maritime Trust,Rain,High,0
4025,23544.527501714118,Swift Ocean Carriers,Clear,Medium,0
7070,24841.39977989676,Swift Ocean Carriers,Rain,Low,0
7038,15115.837052098963,Pacific Cargo Group,Clear,Low,0
4884,11897.292840525308,Swift Ocean Carriers,Snow,Low,0
5680,13778.67075638291,Pacific Cargo Group,Storm,High,1
4100,7195.458483778242,Swift Ocean Carriers,Rain,Medium,0
1733,26737.032025800905,Swift Ocean Carriers,Storm,Medium,0
2252,13793.279873527857,Pacific Cargo Group,Clear,Low,0
7366,26532.553493454943,Global Maritime Trust,Clear,Medium,0
610,3617.9576572350857,Pacific Cargo Group,Rain,Low,0
484,29654.120494503873,Pacific Cargo Group,Rain,Low,1
504,13576.556079586739,Pacific Cargo Group,Clear,Medium,0
7066,1911.0092016261112,Global Maritime Trust,Clear,Low,0
4713,1621.6445230049198,Swift Ocean Carriers,Clear,High,1
4671,22513.114095714238,Pacific Cargo Group,Clear,Low,0
2100,19941.54825900858,Pacific Cargo Group,Clear,Medium,0
2856,24162.85146476383,Global Maritime Trust,Rain,Medium,0
1768,3608.342251607776,Pacific Cargo Group,Clear,Medium,0
6089,1549.3405775486763,Swift Ocean Carriers,Clear,Low,0
7014,15503.089038703565,Global Maritime Trust,Rain,Low,0
1560,11934.059328741701,Swift Ocean Carriers,Rain,High,0
7290,14127.434631793196,Swift Ocean Carriers,Snow,Low,0
7240,29751.858061673083,Global Maritime Trust,Rain,High,1
3736,29137.12375128477,Pacific Cargo Group,Clear,High,1
2824,28298.303995359187,Swift Ocean Carriers,Snow,Low,0
4909,23623.358964646377,Swift Ocean Carriers,Rain,Low,0
7725,10967.820127578267,Swift Ocean Carriers,Clear,Medium,0
4278,12657.862442751763,Swift Ocean Carriers,Rain,High,0
5364,16713.67328970827,Global Maritime Trust,Storm,High,1
7352,25000.76646394278,Global Maritime Trust,Clear,Medium,0
7345,2527.028559288899,Swift Ocean Carriers,Clear,Medium,1
6700,13016.7581336042,Pacific Cargo Group,Clear,Low,0
6097,2937.2210720484263,Swift Ocean Carriers,Clear,High,0
2148,15682.398803918592,Pacific Cargo Group,Clear,High,0
4246,27017.574308183943,Swift Ocean Carriers,Rain,Low,0
4880,23583.305274636168,Pacific Cargo Group,Clear,Low,0
816,7221.351317521744,Swift Ocean Carriers,Storm,Low,0
5665,29291.730063164377,Pacific Cargo Group,Rain,Low,0
4644,20186.836742369636,Swift Ocean Carriers,Rain,High,1
5076,807.6171322233905,Swift Ocean Carriers,Snow,Low,0
4683,8034.697798213976,Pacific Cargo Group,Clear,Low,0
1923,8191.042347637538,Global Maritime Trust,Clear,Low,0
2181,2543.002035432868,Pacific Cargo Group,Rain,High,0
3519,28814.882283239906,Global Maritime Trust,Snow,Medium,0
6338,14608.531189989752,Swift Ocean Carriers,Rain,Medium,0
7339,26926.530622470516,Pacific Cargo Group,Clear,Low,1
1674,10005.357351616536,Pacific Cargo Group,Storm,High,1
6397,4194.3903277684,Pacific Cargo Group,Clear,High,1
349,14492.91524223331,Global Maritime Trust,Snow,Low,0
773,3861.7207240723565,Global Maritime Trust,Storm,Low,0
4633,14837.457337837428,Swift Ocean Carriers,Clear,Low,0
2265,27648.76684597253,Global Maritime Trust,Rain,Low,0
870,15862.660184109274,Global Maritime Trust,Clear,Medium,0
4062,18686.741943404963,Swift Ocean Carriers,Clear,High,0
7573,5120.833890727345,Pacific Cargo Group,Rain,Medium,1
4463,1790.2009634590997,Pacific Cargo Group,Rain,High,0
2084,3768.8348843043077,Swift Ocean Carriers,Storm,Medium,1
1177,18156.681482688786,Pacific Cargo Group,Rain,Medium,0
335,3302.8451202729875,Global Maritime Trust,Clear,Medium,0
488,11591.790253268688,Swift Ocean Carriers,Snow,Low,0
3137,16727.7122435156,Swift Ocean Carriers,Storm,Low,0
4958,11965.257559580486,Swift Ocean Carriers,Clear,Medium,0
1948,5328.672143226394,Pacific Cargo Group,Storm,Low,1
6644,8576.843571666142,Swift Ocean Carriers,Clear,Low,0
4819,27885.36721903302,Swift Ocean Carriers,Snow,Medium,0
2914,20441.477129797484,Swift Ocean Carriers,Clear,High,0
3474,15133.411241056654,Pacific Cargo Group,Clear,Medium,1
7162,875.0892546133588,Global Maritime Trust,Clear,High,0
3378,29776.25431443937,Swift Ocean Carriers,Rain,Medium,0
1352,20307.920579391975,Global Maritime Trust,Clear,Medium,0
7096,9849.213081675876,Pacific Cargo Group,Clear,Medium,0
4081,26438.42546993623,Pacific Cargo Group,Rain,High,0
4773,8123.732798608634,Pacific Cargo Group,Storm,Medium,1
2222,16548.48908589117,Pacific Cargo Group,Clear,Medium,0
4630,19264.08753002984,Global Maritime Trust,Clear,Medium,0
2250,7021.369457884989,Swift Ocean Carriers,Clear,Medium,1
7689,29362.71972461758,Pacific Cargo Group,Clear,Low,0
7971,22571.661226380427,Pacific Cargo Group,Snow,Low,0
4959,16955.490152576564,Global Maritime Trust,Snow,Low,0
6981,5827.540646171376,Global Maritime Trust,Rain,High,1
7049,2088.8171064417706,Pacific Cargo Group,Clear,Low,0
1429,9941.765059369012,Swift Ocean Carriers,Rain,Low,0
6341,22719.02640944538,Swift Ocean Carriers,Rain,Medium,0
7041,8445.273299909739,Pacific Cargo Group,Snow,Low,0
1458,16416.9085046174,Global Maritime Trust,Rain,Medium,1
7102,21974.441713556924,Pacific Cargo Group,Rain,Low,0
2582,3684.3395820706983,Pacific Cargo Group,Rain,High,0
4642,20716.291475418264,Global Maritime Trust,Clear,High,0
2117,3210.1911874463185,Pacific Cargo Group,Storm,High,1
1431,28971.327392746396,Pacific Cargo Group,Rain,Medium,0
4444,14907.626836915719,Pacific Cargo Group,Rain,Medium,1
4361,4944.945177441383,Global Maritime Trust,Clear,Low,1
7748,10600.317262989622,Swift Ocean Carriers,Rain,Low,1
7227,12695.785254210212,Swift Ocean Carriers,Rain,Low,0
1458,22866.45782675785,Global Maritime Trust,Clear,Medium,1
5215,22431.001689259974,Swift Ocean Carriers,Clear,Medium,1
4737,18552.244907451266,Pacific Cargo Group,Rain,Medium,0
4954,3624.956020475542,Swift Ocean Carriers,Rain,Low,0
3277,4971.29646183637,Pacific Cargo Group,Rain,Medium,1
7830,3265.8291590439208,Swift Ocean Carriers,Clear,Medium,0
2228,17526.59710698273,Global Maritime Trust,Rain,Medium,0
2280,26375.584024586416,Swift Ocean Carriers,Clear,Medium,0
4992,13297.115111515768,Swift Ocean Carriers,Clear,Low,0
7143,5245.021131753513,Swift Ocean Carriers,Clear,High,0
237,16962.248591894528,Global Maritime Trust,Clear,Medium,1
6427,24446.69039753844,Swift Ocean Carriers,Clear,Low,0
3572,22380.505814631437,Global Maritime Trust,Clear,Low,0
5549,26502.79800041313,Pacific Cargo Group,Clear,Medium,0
2932,8698.1118688416,Swift Ocean Carriers,Clear,High,0
3679,6221.639084399359,Global Maritime Trust,Rain,Medium,0
6071,26454.586335287193,Global Maritime Trust,Clear,Low,0
3131,19898.02922695168,Swift Ocean Carriers,Clear,High,0
4264,9672.403435222848,Pacific Cargo Group,Snow,Medium,0
2693,22399.267491889022,Global Maritime Trust,Clear,Medium,0
6296,24545.99234217085,Swift Ocean Carriers,Rain,Medium,0
5669,18641.858090063404,Pacific Cargo Group,Clear,Low,0
4400,20792.581241457494,Global Maritime Trust,Clear,Medium,0
6369,11570.167181058656,Global Maritime Trust,Rain,Low,1
3918,16391.52218661965,Pacific Cargo Group,Rain,High,1
4238,15962.695536421787,Pacific Cargo Group,Snow,Medium,0
3923,25517.40983835777,Swift Ocean Carriers,Rain,Medium,0
4142,25278.937418324385,Swift Ocean Carriers,Storm,Medium,1
2006,25064.073845737774,Global Maritime Trust,Clear,High,1
6354,825.4326207427409,Pacific Cargo Group,Clear,High,1
860,22611.591791832205,Pacific Cargo Group,Clear,Medium,0
7930,22880.953508274644,Pacific Cargo Group,Clear,Medium,0
7450,20512.175274226684,Global Maritime Trust,Rain,Medium,0
7091,22809.807407797853,Pacific Cargo Group,Rain,Medium,1
6338,25338.12595915291,Pacific Cargo Group,Clear,Low,0
6190,14374.412096002678,Global Maritime Trust,Storm,Medium,1
3545,15310.481297909191,Swift Ocean Carriers,Snow,Low,0
6131,4179.0646788860195,Swift Ocean Carriers,Clear,High,0
7787,11868.588549897173,Global Maritime Trust,Clear,Low,1
999,19479.272807397636,Pacific Cargo Group,Clear,High,1
4555,23521.793396344598,Global Maritime Trust,Clear,Medium,0
3047,6907.668381890711,Swift Ocean Carriers,Clear,Medium,0
1819,4565.775525197445,Swift Ocean Carriers,Rain,Medium,0
380,20059.73913276452,Global Maritime Trust,Clear,Low,0
3366,555.4565639848639,Global Maritime Trust,Clear,Low,0
1987,5761.99123706623,Swift Ocean Carriers,Storm,Low,0
3366,1357.6057201466351,Global Maritime Trust,Rain,Medium,0
766,5423.110976718693,Swift Ocean Carriers,Storm,Medium,0
4288,5848.918757802404,Global Maritime Trust,Clear,Medium,1
771,11936.37104513663,Global Maritime Trust,Clear,Low,0
2069,12368.650178253401,Global Maritime Trust,Rain,Low,0
4256,26290.742883002014,Swift Ocean Carriers,Clear,Medium,0
6877,15548.236518715343,Global Maritime Trust,Clear,High,1
3222,21840.440585562446,Swift Ocean Carriers,Rain,Medium,0
7670,3572.0520586484795,Swift Ocean Carriers,Rain,Medium,1
5224,7150.443286178968,Global Maritime Trust,Clear,Medium,0
5685,21236.831508870964,Global Maritime Trust,Clear,Low,0
4799,2057.716833821579,Swift Ocean Carriers,Clear,High,0
4877,14854.631036190716,Swift Ocean Carriers,Clear,Medium,0
4000,18181.384487056548,Pacific Cargo Group,Clear,Low,0
6777,18263.296499548193,Swift Ocean Carriers,Clear,Medium,1
5624,1176.5179324072399,Pacific Cargo Group,Clear,Low,0
7081,10002.186124760972,Pacific Cargo Group,Storm,High,1
7780,19276.474205950042,Pacific Cargo Group,Rain,Low,0
6888,4895.492216402682,Global Maritime Trust,Rain,Medium,0
6476,21014.76162567757,Global Maritime Trust,Clear,Low,0
623,22504.793660003397,Swift Ocean Carriers,Clear,Medium,0
2493,29468.091118161286,Pacific Cargo Group,Clear,Medium,0
3217,6690.338848264078,Global Maritime Trust,Clear,Medium,0
2693,24841.3546961504,Global Maritime Trust,Clear,Medium,0
2068,15848.749019100294,Global Maritime Trust,Rain,High,1
5297,11517.146586253117,Global Maritime Trust,Rain,Low,0
1853,4110.114341092749,Global Maritime Trust,Rain,Low,0
6032,22197.415391382357,Pacific Cargo Group,Clear,Low,0
7340,7457.79917473877,Pacific Cargo Group,Storm,High,1
7037,11456.94905525485,Pacific Cargo Group,Clear,Low,0
2396,2344.9956934723687,Pacific Cargo Group,Clear,Medium,1
6290,24140.32401667581,Swift Ocean Carriers,Clear,Medium,0
5340,23114.36145716348,Pacific Cargo Group,Rain,Low,0
2361,22141.666986248216,Global Maritime Trust,Storm,Low,0
2386,9333.583559510656,Pacific Cargo Group,Clear,Low,0
5275,5617.662190845738,Swift Ocean Carriers,Snow,Medium,0
6593,19307.821301871776,Global Maritime Trust,Snow,Low,0
4302,15136.908331339973,Pacific Cargo Group,Clear,Low,0
2978,5758.447773686927,Pacific Cargo Group,Clear,High,1
4243,20734.38249597098,Pacific Cargo Group,Clear,High,0
3744,29738.22973872846,Global Maritime Trust,Storm,Low,1
4532,22542.97783839011,Global Maritime Trust,Clear,Low,0
5245,22329.59840722555,Swift Ocean Carriers,Rain,Low,0
7047,28534.226211452456,Global Maritime Trust,Clear,Medium,1
5476,6486.622843459614,Global Maritime Trust,Rain,High,1
2155,17183.723965182493,Pacific Cargo Group,Clear,Low,0
4820,29399.57809349956,Global Maritime Trust,Rain,Low,0
6086,5376.176273620149,Pacific Cargo Group,Snow,Medium,0
1376,21157.43280361337,Pacific Cargo Group,Snow,Medium,0
5911,17781.399306171108,Global Maritime Trust,Snow,Low,1
2866,17801.133219566855,Swift Ocean Carriers,Clear,Medium,1
402,21081.283511842215,Swift Ocean Carriers,Rain,Low,0
738,27923.699224832682,Global Maritime Trust,Clear,Low,0
155,23586.16722561447,Swift Ocean Carriers,Clear,Medium,0
4921,2156.015050778195,Pacific Cargo Group,Rain,High,0
625,25655.47658633348,Pacific Cargo Group,Clear,Medium,0
4669,7153.469232809112,Global Maritime Trust,Rain,High,0
4223,11618.967859722972,Swift Ocean Carriers,Storm,Medium,0
2225,14121.118001565274,Swift Ocean Carriers,Clear,Medium,0
3387,14686.727022215555,Pacific Cargo Group,Rain,Medium,0
7653,13337.821778033025,Global Maritime Trust,Clear,High,1
464,28151.922179368,Swift Ocean Carriers,Clear,High,1
6909,21327.560726088726,Global Maritime Trust,Clear,Low,0
4721,19119.534055722837,Swift Ocean Carriers,Storm,High,1
6942,1970.339819596776,Pacific Cargo Group,Snow,High,1
5531,27165.443242681053,Pacific Cargo Group,Storm,Medium,0
5078,27327.01066424769,Global Maritime Trust,Storm,Low,1
5226,23516.28537118802,Pacific Cargo Group,Clear,High,0
5222,707.3615125017651,Swift Ocean Carriers,Clear,High,1
1746,2189.767406789889,Pacific Cargo Group,Rain,Low,0
1018,7144.099216920447,Global Maritime Trust,Clear,High,0
2897,4374.807540274747,Global Maritime Trust,Clear,Low,0
6606,12265.66287626002,Global Maritime Trust,Clear,Low,0
5970,27717.380213589797,Swift Ocean Carriers,Rain,Medium,1
1631,14425.78280881145,Swift Ocean Carriers,Rain,Medium,0
3445,895.3774797488854,Swift Ocean Carriers,Clear,Medium,0
7773,8840.997842573479,Swift Ocean Carriers,Clear,Low,0
7049,1815.5497970023655,Swift Ocean Carriers,Rain,High,1
6982,1570.4848670983135,Pacific Cargo Group,Rain,Low,0
2006,8633.735666318791,Swift Ocean Carriers,Clear,Low,0
3186,8630.56399102889,Swift Ocean Carriers,Rain,Low,0
5411,23720.23477674732,Pacific Cargo Group,Clear,Medium,0
5850,29257.6222570428,Swift Ocean Carriers,Clear,High,1
4680,11450.60926975495,Global Maritime Trust,Rain,Medium,0
2175,13152.162926400639,Swift Ocean Carriers,Rain,High,1
813,25421.288370437633,Swift Ocean Carriers,Clear,Low,0
1162,8410.101092817644,Global Maritime Trust,Rain,Medium,0
2076,5113.263229901715,Global Maritime Trust,Rain,Medium,0
1396,25666.14389040769,Global Maritime Trust,Rain,Medium,0
5450,1871.7672999819322,Global Maritime Trust,Rain,Low,1
6329,18781.13348588276,Swift Ocean Carriers,Rain,Medium,0
7741,17078.7890002708,Global Maritime Trust,Clear,Medium,0
225,10704.653201299981,Global Maritime Trust,Clear,Medium,1
7055,9798.09087237209,Pacific Cargo Group,Clear,Medium,0
4732,23269.802922357827,Global Maritime Trust,Clear,Low,0
6388,3049.5260174951213,Global Maritime Trust,Rain,Medium,0
3696,7485.137124685869,Pacific Cargo Group,Rain,Low,0
3383,22107.23758922365,Pacific Cargo Group,Clear,High,0
6268,16675.457219929514,Swift Ocean Carriers,Clear,Medium,0
1703,4275.652151740798,Pacific Cargo Group,Clear,Low,0
7661,26523.000621320774,Swift Ocean Carriers,Clear,High,1
166,12106.71147362595,Pacific Cargo Group,Rain,Medium,0
332,24922.117072004097,Pacific Cargo Group,Clear,Low,0
2256,23737.533958067404,Swift Ocean Carriers,Rain,Medium,0
1269,18920.550670915978,Pacific Cargo Group,Storm,Low,1
2258,15087.193373205242,Swift Ocean Carriers,Clear,High,1
6471,29396.749791261827,Pacific Cargo Group,Clear,High,0
4306,4776.469635204603,Global Maritime Trust,Clear,High,0
1593,21892.093962757885,Pacific Cargo Group,Rain,Medium,0
6277,6140.125693211276,Swift Ocean Carriers,Rain,Medium,1
4818,10478.761607304277,Pacific Cargo Group,Clear,Medium,1
4107,9606.61292950926,Swift Ocean Carriers,Rain,Low,0
7636,28437.56163829233,Swift Ocean Carriers,Snow,Medium,0
6991,29037.007244754117,Global Maritime Trust,Clear,Medium,1
6838,5898.955604924451,Global Maritime Trust,Clear,Low,0
7821,1150.0372287763735,Swift Ocean Carriers,Snow,Medium,0
2572,21740.237170061835,Pacific Cargo Group,Rain,High,1
2760,12830.703049179288,Swift Ocean Carriers,Snow,High,0
5737,3120.7872300831496,Swift Ocean Carriers,Rain,Low,0
2839,20670.746114522753,Pacific Cargo Group,Snow,Low,0
5501,16580.61308369064,Pacific Cargo Group,Clear,Low,0
7587,29425.24624903263,Pacific Cargo Group,Rain,High,1
1861,7208.580127910678,Pacific Cargo Group,Storm,Low,1
3614,12417.347351633172,Swift Ocean Carriers,Rain,Medium,0
2075,16505.101200164976,Swift Ocean Carriers,Clear,Low,0
2462,23855.149659373874,Global Maritime Trust,Clear,Medium,0
976,16690.74037324173,Swift Ocean Carriers,Clear,Low,0
6185,18580.5547454275,Pacific Cargo Group,Clear,Medium,0
3912,7171.338021903252,Global Maritime Trust,Clear,Low,0
3548,25484.102478612516,Pacific Cargo Group,Rain,Medium,1
1412,13144.601135629035,Swift Ocean Carriers,Rain,Low,0
1560,4658.309011892194,Global Maritime Trust,Clear,Medium,0
2809,20093.54347790981,Pacific Cargo Group,Rain,High,0
2424,6874.6683689665715,Global Maritime Trust,Clear,Low,0
1833,3378.094052059342,Global Maritime Trust,Clear,High,0
1705,25928.61379792603,Swift Ocean Carriers,Clear,Medium,0
5722,14074.78680240897,Pacific Cargo Group,Rain,Low,0
6867,22603.869524525406,Global Maritime Trust,Clear,Medium,0
2663,9072.333014287475,Global Maritime Trust,Clear,Low,1
3521,23715.618980071158,Pacific Cargo Group,Clear,Medium,0
7086,3802.1098471351447,Global Maritime Trust,Snow,Medium,0
3617,11001.214526948155,Global Maritime Trust,Clear,Low,0
2497,29352.823630219093,Global Maritime Trust,Rain,Medium,0
5826,23922.69663285618,Pacific Cargo Group,Rain,High,0
3835,15169.0499442833,Pacific Cargo Group,Rain,High,1
2970,10523.43541107561,Pacific Cargo Group,Storm,Medium,0
1260,26228.00315066306,Pacific Cargo Group,Clear,High,0
4954,16573.00889299321,Swift Ocean Carriers,Clear,Medium,0
7142,22873.538027138777,Global Maritime Trust,Snow,Low,0
342,22746.17656932684,Pacific Cargo Group,Clear,High,1
2690,1029.397517770509,Global Maritime Trust,Rain,Medium,0
1163,4224.486592382097,Global Maritime Trust,Rain,Medium,0
4424,19959.066308644895,Swift Ocean Carriers,Rain,Medium,0
2695,5267.784432933207,Pacific Cargo Group,Storm,High,1
1019,8037.0536673403385,Pacific Cargo Group,Storm,High,1
5442,28425.819648888413,Global Maritime Trust,Rain,Medium,1
105,17025.3766220599,Pacific Cargo Group,Clear,Low,0
7589,22646.520456480743,Global Maritime Trust,Snow,Medium,0
567,16960.431794087875,Global Maritime Trust,Clear,Medium,0
5951,16799.15163609039,Swift Ocean Carriers,Clear,Low,0
4270,3277.4813487080883,Swift Ocean Carriers,Snow,Medium,1
103,10638.06418196854,Swift Ocean Carriers,Clear,Medium,1
6066,8831.711511252095,Global Maritime Trust,Clear,Low,0
745,12026.48678560159,Pacific Cargo Group,Clear,Low,0
217,24051.153552617685,Swift Ocean Carriers,Snow,Low,0
3028,11472.013703547513,Pacific Cargo Group,Rain,High,0
5825,13825.05616733464,Swift Ocean Carriers,Rain,Low,0
2651,12222.751019316836,Swift Ocean Carriers,Clear,Low,0
6217,3255.53517327122,Global Maritime Trust,Rain,Medium,1
5142,13511.62866839812,Swift Ocean Carriers,Rain,Low,0
6817,6270.473554813193,Swift Ocean Carriers,Clear,Low,0
5660,6008.337225304724,Global Maritime Trust,Clear,Low,0
4389,3274.0650808108576,Pacific Cargo Group,Clear,Medium,0
946,11021.793737182059,Swift Ocean Carriers,Storm,Medium,0
2862,22845.71560128781,Global Maritime Trust,Rain,Low,0
5611,8655.029872210183,Swift Ocean Carriers,Storm,Medium,1
7293,9714.29850562265,Global Maritime Trust,Clear,High,1
5654,19458.902401336498,Pacific Cargo Group,Rain,Low,0
6416,6277.303971314107,Pacific Cargo Group,Rain,Low,0
7567,26960.25894749426,Global Maritime Trust,Rain,Low,0
5864,15845.620435920857,Global Maritime Trust,Storm,Medium,1
6569,13704.286739446401,Global Maritime Trust,Clear,Medium,0
5629,16955.695661911443,Pacific Cargo Group,Clear,Low,0
1241,5398.012245777766,Swift Ocean Carriers,Rain,Medium,0
7079,18597.4575898557,Pacific Cargo Group,Rain,Low,0
1910,11211.471730703308,Global Maritime Trust,Rain,Medium,0
823,26966.997058456258,Global Maritime Trust,Clear,Medium,1
324,5481.199096991741,Pacific Cargo Group,Rain,Low,0
4727,15458.007564030511,Global Maritime Trust,Clear,Medium,1
4308,18144.322566386032,Pacific Cargo Group,Clear,Low,0
6383,1484.816252698246,Global Maritime Trust,Rain,Medium,1
4754,11228.947180306137,Swift Ocean Carriers,Rain,Low,0
2148,22112.739423674568,Swift Ocean Carriers,Clear,High,0
6333,24701.136469744713,Global Maritime Trust,Clear,Low,1
4849,9738.27884710983,Pacific Cargo Group,Clear,High,0
4515,24058.50153529116,Swift Ocean Carriers,Clear,Low,0
1673,29048.79837454997,Pacific Cargo Group,Rain,Medium,0
1928,25777.781114215275,Global Maritime Trust,Storm,Low,1
2017,3970.4976507000933,Pacific Cargo Group,Clear,High,1
4334,22322.04479652345,Swift Ocean Carriers,Rain,Low,0
7778,9930.171556996069,Pacific Cargo Group,Snow,Low,0
7088,29658.27168765626,Pacific Cargo Group,Snow,Medium,0
2126,14818.09000321667,Global Maritime Trust,Clear,Low,0
6502,4111.800001588761,Global Maritime Trust,Storm,Low,1
3844,21892.973666808026,Global Maritime Trust,Clear,High,0
1001,10028.830352393308,Swift Ocean Carriers,Clear,High,0
4885,29913.80563390902,Swift Ocean Carriers,Clear,Low,0
2139,29403.582506708397,Global Maritime Trust,Clear,High,1
109,19855.95353160713,Global Maritime Trust,Clear,Medium,0
360,4329.880244075668,Swift Ocean Carriers,Clear,Low,0
6138,20762.399431413356,Swift Ocean Carriers,Clear,Medium,0
1773,3244.3993505708027,Swift Ocean Carriers,Snow,Medium,0
2319,1366.2426935205735,Swift Ocean Carriers,Snow,High,1
7141,24777.27416353384,Global Maritime Trust,Clear,Low,1
2160,6687.7119566686,Swift Ocean Carriers,Snow,Medium,0
5387,11681.300223463373,Global Maritime Trust,Snow,Low,1
3813,29216.993004297106,Pacific Cargo Group,Rain,Low,0
1719,10436.794804902545,Pacific Cargo Group,Clear,Low,0
420,9246.4485478578,Swift Ocean Carriers,Rain,High,1
1442,27587.13598887187,Pacific Cargo Group,Storm,High,1
5832,3767.0791369092644,Pacific Cargo Group,Rain,Medium,1
2476,22907.68109838164,Pacific Cargo Group,Clear,Medium,1
2932,29647.934216256832,Swift Ocean Carriers,Rain,Low,0
2924,27088.23231785214,Swift Ocean Carriers,Rain,Low,1
2094,19724.203601839567,Pacific Cargo Group,Rain,Low,0
3058,9764.793452285594,Global Maritime Trust,Clear,Low,0
6139,8002.498444760344,Pacific Cargo Group,Clear,Medium,0
7817,24668.025593708102,Swift Ocean Carriers,Snow,Medium,0
2138,26454.74646157501,Swift Ocean Carriers,Snow,Low,0
3590,16000.32992009794,Swift Ocean Carriers,Clear,Low,0
3777,7708.028253200751,Pacific Cargo Group,Storm,Low,0
1218,3831.82464812962,Global Maritime Trust,Clear,Medium,0
1704,3071.7943010390195,Swift Ocean Carriers,Rain,High,1
6561,21712.78469693874,Swift Ocean Carriers,Rain,Medium,0
4127,12893.502471507887,Pacific Cargo Group,Snow,High,0
335,27208.116291197177,Global Maritime Trust,Storm,Medium,1
2069,22320.303371439528,Pacific Cargo Group,Clear,Low,0
4529,6142.182328480308,Swift Ocean Carriers,Snow,Low,0
2008,18606.433855063122,Global Maritime Trust,Clear,High,0
475,13347.4109047457,Global Maritime Trust,Rain,Medium,0
3630,17528.867057674084,Swift Ocean Carriers,Rain,Low,0
5356,22273.039138486256,Global Maritime Trust,Rain,Medium,0
2735,24282.77848961183,Global Maritime Trust,Clear,Medium,0
1670,25390.251128998367,Pacific Cargo Group,Snow,Medium,0
2660,7992.258799874729,Swift Ocean Carriers,Clear,High,0
5515,1417.9101975620515,Swift Ocean Carriers,Clear,Medium,0
3491,22309.19468736081,Swift Ocean Carriers,Rain,Medium,0
3065,3637.1399245453504,Swift Ocean Carriers,Clear,Low,0
3743,9790.127864082546,Swift Ocean Carriers,Snow,Low,0
6051,612.6054566682408,Global Maritime Trust,Clear,Low,0
5568,20609.24973084779,Pacific Cargo Group,Clear,Low,0
3950,5430.394338401027,Swift Ocean Carriers,Snow,Medium,0
972,19830.831085903916,Pacific Cargo Group,Rain,Medium,0
1352,29756.407206451247,Pacific Cargo Group,Clear,Low,0
6513,2643.7907124954804,Global Maritime Trust,Rain,High,1
6047,2773.8013525680904,Swift Ocean Carriers,Rain,Low,0
7041,10541.21273366691,Global Maritime Trust,Rain,Low,0
1414,26058.40217041459,Swift Ocean Carriers,Clear,Low,0
4920,6858.13112934429,Global Maritime Trust,Snow,Low,0
7432,11131.145687945253,Pacific Cargo Group,Snow,Low,0
6248,2520.9094954958973,Swift Ocean Carriers,Rain,Medium,0
2998,23013.081092137236,Pacific Cargo Group,Clear,Medium,0
7646,12545.037111403808,Pacific Cargo Group,Snow,High,0
177,22897.837625294866,Global Maritime Trust,Rain,Low,1
7677,27156.431408230455,Swift Ocean Carriers,Rain,Low,0
2721,7366.5128394880185,Pacific Cargo Group,Clear,Low,0
4327,24318.182895028564,Global Maritime Trust,Snow,Medium,0
700,2243.2697573084715,Swift Ocean Carriers,Rain,Low,0
5968,27015.997951317295,Swift Ocean Carriers,Clear,High,1
1165,19697.672152983047,Pacific Cargo Group,Clear,Medium,0
2236,26289.68836208137,Swift Ocean Carriers,Snow,Medium,0
2549,505.55778691916595,Pacific Cargo Group,Clear,Medium,0
2443,5487.891575501779,Swift Ocean Carriers,Storm,Low,1
1963,11997.901929081516,Global Maritime Trust,Rain,Low,0
1418,11695.3356495542,Pacific Cargo Group,Rain,Low,0
4811,7188.546296243565,Pacific Cargo Group,Clear,Medium,1
3697,11757.552226082404,Swift Ocean Carriers,Clear,Low,0
7043,4301.037004007518,Swift Ocean Carriers,Storm,Low,0
3862,12676.453313347769,Pacific Cargo Group,Clear,High,0
7904,24169.452710198293,Swift Ocean Carriers,Rain,Low,0
6665,14632.566861548861,Global Maritime Trust,Clear,High,0
6084,1031.0026238838423,Swift Ocean Carriers,Clear,Medium,1
5242,12932.5992265878,Global Maritime Trust,Clear,Low,0
4770,1301.6629746799026,Global Maritime Trust,Rain,Low,0
2290,29004.180615850546,Global Maritime Trust,Storm,Low,1
1092,4259.891802974635,Global Maritime Trust,Clear,Medium,0
2812,21376.805626753252,Global Maritime Trust,Clear,Medium,1
2292,29196.90152531653,Swift Ocean Carriers,Clear,Medium,0
1348,24868.152024163872,Global Maritime Trust,Rain,High,1
3154,21129.803566223007,Swift Ocean Carriers,Clear,Medium,1
4698,25264.096830272625,Global Maritime Trust,Snow,Low,0
4133,29463.061451188514,Pacific Cargo Group,Rain,Low,0
2097,18829.662668979123,Global Maritime Trust,Rain,High,1
5016,16995.95180146513,Pacific Cargo Group,Clear,Low,0
3787,19033.0242586668,Global Maritime Trust,Storm,Low,0
2251,16213.938659465872,Global Maritime Trust,Clear,Medium,1
4118,19235.128624336703,Global Maritime Trust,Clear,Medium,0
3210,13770.345135190499,Pacific Cargo Group,Rain,High,1
2070,6944.07389505756,Pacific Cargo Group,Rain,Medium,0
297,4047.293182094431,Global Maritime Trust,Clear,Low,0
5865,2516.0575982016817,Swift Ocean Carriers,Clear,High,0
2726,8267.815620719402,Global Maritime Trust,Rain,Low,0
6634,1860.6451479041482,Pacific Cargo Group,Clear,Low,0
1302,17231.538007621875,Global Maritime Trust,Snow,Medium,0
6797,8872.939187193848,Pacific Cargo Group,Rain,Low,1
5667,24823.77683856745,Pacific Cargo Group,Clear,Medium,0
7767,2690.1057531574,Pacific Cargo Group,Clear,Low,0
7282,7177.369083073835,Global Maritime Trust,Clear,Medium,0
5842,22042.261339159304,Pacific Cargo Group,Rain,Low,0
5888,18164.844743313,Pacific Cargo Group,Rain,Medium,0
5508,2402.4925018504423,Global Maritime Trust,Clear,High,0
2135,26378.563986284913,Pacific Cargo Group,Rain,Low,0
577,26379.222003372295,Global Maritime Trust,Storm,Low,1
1354,10247.03611433533,Pacific Cargo Group,Clear,Low,0
1022,10541.97237881216,Swift Ocean Carriers,Storm,Low,1
519,29676.33657133013,Swift Ocean Carriers,Clear,Medium,0
2304,18972.197061997576,Pacific Cargo Group,Clear,Medium,1
2697,16173.837356757744,Swift Ocean Carriers,Clear,Low,0
7708,25225.489414781772,Global Maritime Trust,Clear,Low,0
1220,8916.064981540834,Swift Ocean Carriers,Clear,Low,0
3168,13160.886505192528,Pacific Cargo Group,Clear,Medium,0
7240,8399.411926905857,Pacific Cargo Group,Storm,Low,1
7678,23780.244974367575,Global Maritime Trust,Snow,High,1
1050,17413.80569623893,Pacific Cargo Group,Rain,Medium,1
2436,19935.33956913208,Global Maritime Trust,Clear,Low,0
5473,7943.063870262494,Swift Ocean Carriers,Clear,Medium,0
2343,6996.646390630795,Swift Ocean Carriers,Clear,High,0
2745,14907.051554996691,Global Maritime Trust,Rain,Medium,0
1957,22258.18959823839,Global Maritime Trust,Storm,Low,1
7789,15994.572846844725,Pacific Cargo Group,Clear,Low,0
4712,1463.0474875972238,Swift Ocean Carriers,Clear,High,0
5854,26122.269436448518,Global Maritime Trust,Rain,Medium,1
1965,2408.263358696381,Swift Ocean Carriers,Clear,Medium,0
3012,28696.82226976219,Global Maritime Trust,Clear,High,1
5337,1241.6877691795453,Swift Ocean Carriers,Rain,High,1
2953,20986.28845585591,Pacific Cargo Group,Rain,High,1
6128,2925.108379497559,Swift Ocean Carriers,Clear,Low,0
7426,27364.959093336616,Swift Ocean Carriers,Clear,Medium,1
5010,14200.780468653513,Swift Ocean Carriers,Storm,Medium,1
6471,4556.951357101954,Swift Ocean Carriers,Clear,Medium,0
6096,10554.063143800475,Swift Ocean Carriers,Clear,Medium,0
6459,5362.32792272948,Pacific Cargo Group,Clear,Low,0
7191,5532.166390934155,Global Maritime Trust,Clear,Medium,1
7963,28469.195445057543,Swift Ocean Carriers,Clear,Medium,0
6258,13634.760312401251,Pacific Cargo Group,Snow,Low,0
3328,23769.66678520811,Swift Ocean Carriers,Clear,Medium,0
3819,19368.364054741614,Swift Ocean Carriers,Clear,Low,0
7528,20454.577688982572,Global Maritime Trust,Rain,Low,0
3328,4384.956434925136,Swift Ocean Carriers,Rain,Low,0
6290,7408.441181056827,Pacific Cargo Group,Snow,Medium,0
2471,23709.13488705589,Pacific Cargo Group,Snow,Medium,0
2991,29137.603091006098,Global Maritime Trust,Clear,Medium,0
3856,8248.931456660226,Swift Ocean Carriers,Rain,Medium,1
4325,8511.278560155675,Pacific Cargo Group,Clear,High,1
7678,14450.465417921692,Swift Ocean Carriers,Storm,Low,1
194,29523.289229235415,Swift Ocean Carriers,Clear,Low,0
2774,8434.288901880896,Swift Ocean Carriers,Storm,High,1
6998,12505.671334210785,Global Maritime Trust,Rain,Low,0
2055,26798.66046089345,Swift Ocean Carriers,Clear,High,1
7559,586.1704623301792,Pacific Cargo Group,Rain,High,0
